id,aggression,interceptions,positioning,marking,long_shots,standing_tackle,short_passing,long_passing,sliding_tackle
5,87,88,24,91,15,88,68,60,87
6,82,88,41,90,64,89,79,81,84
17,86,86,30,92,30,89,73,69,84
21,84,89,60,89,66,87,79,74,88
23,84,83,85,71,70,82,84,78,83
24,81,87,58,90,65,91,79,85,86
25,77,84,80,74,66,84,84,74,84
38,82,82,26,83,62,85,78,63,83
40,78,80,76,80,75,81,83,86,79
41,89,85,24,88,48,86,68,58,87
43,87,82,34,84,44,85,77,67,88
53,92,81,34,85,41,85,74,67,79
59,85,86,31,88,46,86,72,71,82
60,73,77,78,79,66,79,79,75,79
64,76,80,27,80,25,87,74,69,84
66,80,82,50,85,35,84,78,69,80
74,64,78,66,69,57,73,87,82,70
76,86,82,58,77,61,85,67,58,84
89,88,83,53,82,73,81,79,76,84
90,70,79,75,77,70,82,79,78,79
97,75,77,71,75,65,84,77,70,79
99,75,80,65,79,58,81,77,70,77
101,75,79,77,78,65,79,80,69,81
103,78,78,30,83,22,83,73,69,87
105,69,80,55,83,46,84,77,71,77
108,69,84,77,67,82,70,84,77,77
109,75,81,75,76,62,83,80,78,76
115,82,80,27,82,34,82,71,56,76
119,69,77,72,70,53,77,78,71,81
121,63,75,68,83,59,79,77,70,80
127,72,82,58,86,74,84,73,77,82
128,75,83,51,80,48,84,77,74,78
129,86,79,72,75,58,81,78,72,82
135,83,81,43,85,22,79,66,60,83
139,69,84,67,79,49,82,79,75,84
141,88,81,45,77,13,80,68,62,82
142,91,81,53,82,72,81,77,78,83
148,88,85,51,78,55,81,79,75,82
151,78,76,68,75,53,81,77,66,80
157,74,79,41,80,53,82,74,76,80
158,77,83,58,77,61,84,74,77,82
161,71,81,62,76,61,79,78,74,79
167,82,80,65,77,45,80,74,59,82
168,74,78,71,76,76,78,79,78,76
173,85,79,65,79,71,80,78,74,71
177,76,79,72,78,69,81,75,66,82
182,75,81,67,80,63,76,77,77,80
184,81,79,39,80,38,80,71,70,82
185,89,81,58,75,59,83,79,73,76
187,76,81,46,69,39,81,71,68,82
190,86,80,42,76,59,80,73,67,81
193,55,75,76,70,61,78,76,70,79
196,74,73,73,76,77,72,82,83,73
199,83,77,68,76,65,78,78,69,75
208,84,77,45,79,64,82,63,60,79
212,75,72,69,67,61,78,78,70,79
214,74,80,35,78,54,79,66,57,78
216,78,80,29,79,29,80,59,59,79
219,86,73,76,68,62,78,73,56,80
220,79,77,69,76,65,79,75,61,77
224,66,76,69,79,69,80,79,77,82
225,80,78,30,80,21,76,71,74,78
226,76,81,27,81,24,81,68,64,78
228,82,80,25,80,34,82,66,64,78
230,75,74,76,71,67,77,80,72,79
231,82,76,61,77,71,81,63,81,80
232,72,74,67,76,55,78,75,70,74
234,79,76,43,72,21,79,71,60,78
237,89,79,45,76,26,78,69,57,81
242,77,76,78,69,56,74,75,69,74
255,62,73,76,74,69,74,76,70,71
256,79,77,66,79,68,78,75,73,78
257,75,77,28,79,24,77,66,51,73
259,71,65,74,62,58,75,76,69,73
260,60,78,60,78,51,78,77,64,75
267,77,40,76,50,72,56,73,65,53
269,79,78,21,77,23,78,70,61,77
270,82,79,38,78,39,79,59,56,78
271,75,78,77,78,87,79,79,77,78
284,75,79,25,76,27,78,74,62,77
289,75,80,43,76,37,77,76,72,78
290,76,75,74,76,60,76,76,72,75
291,77,73,41,72,68,79,80,78,80
294,79,81,25,78,26,79,57,50,78
297,75,74,39,73,34,79,76,78,78
304,76,78,52,79,45,79,71,69,76
308,74,78,19,80,37,80,50,54,78
311,83,73,48,77,57,79,64,59,67
312,65,69,67,76,52,79,76,63,79
313,75,74,71,68,74,80,75,69,76
314,92,64,35,75,58,80,53,50,79
319,80,75,28,77,50,78,68,59,75
320,79,77,33,70,42,80,74,61,75
323,85,69,49,76,77,78,70,68,80
326,74,78,66,74,35,80,71,62,78
328,74,78,66,69,53,77,75,63,80
330,77,78,38,76,31,79,64,59,80
331,76,76,70,77,68,77,74,73,76
332,75,69,58,72,56,76,76,52,79
333,79,75,32,65,27,81,79,60,78
334,80,75,60,77,41,81,73,64,83
337,78,74,54,70,54,76,70,69,74
339,64,79,44,78,47,76,77,68,79
343,77,77,38,76,44,76,66,56,75
344,73,78,59,47,69,75,79,78,69
352,79,76,36,76,29,78,68,58,77
354,65,76,75,75,77,70,75,66,70
355,70,74,74,67,69,74,76,74,72
358,74,77,73,75,71,77,78,74,76
360,82,75,37,73,44,75,64,67,75
363,72,76,65,75,68,77,76,69,76
367,80,76,27,75,22,78,41,37,80
375,80,72,42,79,45,75,67,75,77
379,82,75,56,76,41,74,73,70,78
381,74,75,76,74,65,78,74,68,73
383,82,66,67,82,45,74,73,43,75
388,81,80,55,76,41,80,73,73,78
392,84,75,40,82,42,77,66,76,73
397,83,75,49,74,39,76,68,60,77
401,72,76,59,73,52,78,73,67,80
402,72,73,26,74,56,80,71,70,77
403,74,70,72,72,62,77,79,74,75
405,73,70,68,71,68,73,75,71,72
406,67,77,37,74,31,76,72,73,74
408,79,77,65,75,45,74,70,65,73
411,66,74,68,74,68,78,74,63,76
413,70,74,69,72,65,78,77,54,77
419,77,73,34,75,42,78,66,52,76
420,79,72,39,74,41,79,73,56,78
427,68,81,33,74,30,81,66,66,70
430,75,72,66,75,64,78,75,74,77
436,74,79,23,62,17,77,74,33,76
438,72,74,68,73,59,76,73,65,73
440,72,79,32,75,37,76,58,43,79
442,70,81,29,77,40,80,62,64,76
445,70,78,59,60,72,77,76,57,76
446,83,70,69,67,74,73,74,64,76
450,78,79,55,75,42,76,64,59,77
453,71,74,74,73,64,75,69,59,74
456,71,75,35,77,28,78,62,31,71
458,80,70,46,72,65,76,71,72,72
461,84,75,61,60,43,78,74,64,82
462,69,72,66,69,68,73,73,66,76
466,79,79,43,73,51,76,75,68,75
469,75,77,56,77,35,77,70,68,81
481,75,72,70,75,66,75,76,74,75
486,78,67,65,71,69,75,72,73,75
497,40,73,44,74,69,72,76,68,74
499,62,78,59,72,72,74,73,75,70
500,69,72,68,73,62,74,70,69,75
507,66,75,51,75,30,75,66,52,75
509,64,74,44,78,57,78,66,62,76
519,71,70,58,71,31,70,68,61,76
523,76,73,70,72,66,75,75,72,75
525,69,68,69,63,68,74,74,69,72
527,76,77,36,75,36,73,72,69,75
532,68,74,59,72,40,77,74,69,75
534,71,65,70,73,58,77,75,70,75
539,72,68,71,65,80,78,73,77,78
540,72,68,71,66,62,75,72,68,68
542,80,76,42,74,62,76,76,73,70
543,83,72,59,69,49,75,69,59,74
546,76,79,29,71,35,77,61,65,66
549,71,72,42,75,38,77,68,64,76
551,78,76,49,71,40,78,78,55,79
554,72,77,36,77,32,76,59,58,75
555,83,65,68,72,58,77,64,55,74
560,77,80,43,65,47,79,75,77,75
567,80,74,26,72,15,75,70,58,72
568,72,72,24,76,52,76,66,62,75
571,66,72,42,77,39,75,70,60,68
572,81,71,68,70,58,74,73,66,71
573,79,74,59,69,49,75,67,64,78
581,77,76,63,72,73,72,73,72,72
582,80,73,36,73,63,74,64,61,71
583,69,72,67,71,54,72,72,64,71
585,76,75,33,70,38,74,65,67,73
586,83,73,49,75,32,73,58,60,67
588,83,74,32,72,48,71,66,68,73
594,73,76,20,81,22,75,62,64,72
595,77,75,31,74,32,75,67,63,69
600,67,74,67,71,53,75,72,63,72
603,73,78,20,76,22,76,45,45,74
604,77,70,37,71,32,72,67,65,74
606,66,71,49,72,63,76,69,59,75
608,69,74,32,77,40,74,74,78,74
609,75,71,51,73,56,77,66,70,75
613,83,71,66,69,66,74,71,73,69
614,75,78,60,74,63,67,73,74,69
615,74,75,69,71,53,75,72,64,72
619,82,72,59,75,56,73,74,66,74
624,79,73,42,69,55,73,67,66,72
629,78,77,23,70,34,75,62,61,74
630,72,70,53,71,40,76,68,61,74
631,87,74,61,73,50,74,74,64,69
632,74,74,56,70,58,76,66,60,74
635,67,72,73,68,72,75,73,63,71
641,69,79,51,78,52,75,74,68,77
643,75,77,69,70,75,73,77,79,71
645,65,66,32,71,29,78,67,70,68
646,55,69,52,66,50,76,78,66,78
647,76,72,39,60,34,78,69,52,80
650,83,76,66,63,53,77,75,68,78
651,88,75,64,75,36,76,73,62,74
653,90,71,25,70,23,76,48,42,72
657,75,67,74,69,63,74,65,66,73
658,74,69,59,70,43,74,71,69,75
659,62,60,71,65,68,59,76,65,63
665,72,76,62,72,54,75,67,65,68
670,80,72,51,75,66,78,63,64,78
671,65,73,70,71,46,71,73,65,71
679,81,71,42,69,42,82,56,55,79
681,77,73,68,70,59,74,70,72,72
686,72,76,66,76,60,76,70,66,74
687,67,70,63,70,69,75,75,72,74
689,83,69,48,74,40,76,67,63,73
693,68,73,32,76,28,75,65,57,74
694,75,73,59,71,64,72,63,67,74
696,74,74,27,74,33,74,75,72,69
698,78,70,66,68,74,70,72,65,70
700,73,71,63,70,47,74,72,67,74
701,70,72,38,74,69,76,66,66,74
705,82,73,58,75,55,74,76,67,77
707,81,70,55,65,61,75,74,72,76
712,82,74,65,68,58,75,70,62,76
718,77,73,28,73,37,75,63,54,73
719,82,75,63,72,55,73,75,63,73
720,76,72,44,72,59,74,70,68,70
721,74,69,70,68,43,75,69,52,71
723,75,75,26,72,18,78,60,55,74
726,77,70,34,74,44,75,67,65,73
731,75,70,69,72,54,70,72,62,70
732,69,70,66,70,67,73,71,69,71
737,70,70,62,71,69,73,73,71,71
740,74,76,49,69,52,72,62,61,71
745,81,75,28,67,34,71,63,54,73
753,75,73,64,70,47,74,70,68,73
756,73,74,13,74,41,73,57,56,72
760,69,72,41,74,29,74,71,62,74
761,75,74,26,69,21,74,69,58,70
763,85,71,73,72,65,72,69,65,70
764,68,66,65,68,49,68,68,54,70
765,73,76,44,73,35,79,58,51,73
769,71,68,34,71,57,74,66,64,72
774,74,72,62,62,64,73,72,68,74
776,73,71,26,72,35,75,70,67,71
780,62,68,56,63,38,74,74,63,72
784,56,67,64,67,68,66,75,70,57
787,73,71,59,68,35,74,64,70,73
789,60,75,35,78,33,77,68,60,74
791,72,78,47,72,23,72,65,67,73
798,78,73,24,70,24,76,59,42,69
801,73,71,27,73,31,74,65,58,73
806,81,77,60,71,72,74,77,76,74
810,65,72,59,65,53,72,69,65,73
811,67,73,38,72,33,70,68,57,68
812,68,70,60,72,56,74,72,64,74
813,78,71,53,70,66,77,75,70,70
818,73,76,55,65,60,74,69,66,73
832,68,74,40,70,30,77,64,68,75
833,76,81,71,76,58,69,70,67,69
836,74,71,30,73,33,72,54,52,70
838,61,72,46,70,39,75,73,49,72
839,62,72,65,67,59,72,68,62,71
842,70,72,44,73,47,72,61,69,70
843,72,78,36,71,35,74,65,61,72
848,66,74,56,77,75,72,73,72,72
849,81,73,29,73,39,76,63,55,71
852,70,68,69,70,67,73,75,66,72
861,79,68,72,65,61,73,71,63,72
865,69,69,55,73,48,71,70,73,74
866,81,70,22,76,20,75,65,63,74
870,58,77,49,75,41,65,73,66,73
873,87,76,46,69,39,75,64,61,69
880,76,72,35,69,52,77,67,66,72
882,68,73,53,69,42,74,75,69,69
883,69,70,71,70,68,70,72,71,68
885,80,69,28,72,21,70,67,68,67
887,75,64,57,70,67,71,70,69,70
888,79,73,23,68,23,71,52,59,71
896,65,73,55,71,56,73,60,57,73
900,63,65,64,66,42,73,70,67,74
901,69,64,69,66,54,68,72,54,71
903,61,71,65,73,57,73,66,60,72
916,76,73,57,71,52,72,69,64,73
921,81,71,44,73,41,72,72,71,73
926,68,70,28,71,52,69,68,60,64
938,70,71,59,72,43,73,68,63,71
939,78,70,37,73,38,72,67,43,68
942,68,74,40,69,21,73,62,64,72
944,64,74,69,66,47,73,71,62,71
952,82,72,34,71,51,72,57,64,73
954,77,74,43,72,47,70,60,53,64
960,65,59,62,71,59,71,73,71,66
961,73,69,44,73,48,73,67,60,68
962,70,74,35,71,43,73,60,54,72
973,78,59,22,69,55,74,69,69,71
974,82,70,48,70,40,68,67,66,63
986,78,63,58,70,67,68,74,70,73
993,75,74,31,71,29,70,64,59,63
1001,69,74,51,71,42,72,73,56,76
1003,72,73,38,74,27,73,64,64,71
1006,77,79,49,68,38,71,67,59,73
1010,81,68,38,69,23,72,62,60,65
1012,69,64,66,75,67,73,75,69,69
1017,70,66,61,72,67,69,69,70,70
1018,71,69,28,74,29,70,62,47,77
1022,66,69,66,71,49,71,69,65,69
1024,64,71,68,68,66,67,71,66,70
1025,77,73,32,67,66,74,74,66,70
1028,81,73,17,74,27,72,62,53,62
1034,82,77,51,69,52,73,72,71,72
1040,71,71,61,72,42,71,72,61,71
1043,74,77,23,75,22,72,58,57,71
1045,74,63,72,61,73,68,71,66,62
1049,77,70,47,66,54,75,59,59,67
1052,79,73,46,74,34,71,67,65,67
1055,75,74,53,71,28,73,70,67,72
1057,74,68,66,65,74,71,70,68,70
1063,68,66,64,65,48,68,72,67,69
1065,84,68,36,72,47,71,62,64,67
1066,73,74,44,72,27,65,68,50,71
1074,75,71,49,73,32,76,60,50,72
1079,74,73,30,71,65,71,68,68,70
1081,71,65,59,50,41,75,69,55,72
1083,77,66,34,68,51,73,62,66,72
1084,89,65,25,70,21,67,57,55,67
1087,34,58,64,58,64,59,66,57,50
1094,60,42,65,52,70,60,74,70,55
1097,75,73,24,73,27,71,59,57,69
1099,83,67,41,71,29,72,57,56,74
1101,61,69,29,68,29,76,66,68,72
1102,71,69,49,74,63,69,71,75,62
1107,57,70,39,71,40,74,57,53,71
1109,64,67,66,71,35,71,68,62,68
1113,70,72,33,68,30,78,56,36,74
1119,85,72,53,69,56,72,66,63,69
1123,71,67,39,73,22,72,59,55,70
1125,68,73,44,75,60,75,72,68,73
1127,75,65,42,73,32,68,67,66,69
1129,66,73,58,58,44,70,53,57,76
1134,71,65,26,68,33,74,59,57,73
1141,79,72,47,71,53,72,62,59,73
1148,68,69,50,72,12,70,70,65,71
1152,75,66,41,71,34,72,64,44,73
1154,69,61,63,71,76,66,73,76,63
1157,40,65,56,68,65,70,68,62,68
1162,60,69,63,65,50,70,69,61,72
1164,79,69,26,69,30,69,62,59,67
1165,73,70,41,70,47,69,59,62,64
1177,78,66,32,71,30,72,64,61,66
1178,76,69,58,68,36,75,57,30,75
1184,76,71,29,72,31,73,60,58,71
1189,46,58,74,30,41,58,68,64,49
1191,75,76,49,69,49,68,69,66,65
1197,70,66,63,69,57,70,70,65,74
1199,75,66,63,70,45,72,66,55,68
1202,72,67,37,72,29,69,59,60,69
1203,67,72,42,70,33,69,68,61,66
1206,68,66,64,65,65,72,68,58,67
1210,73,67,50,71,21,73,66,52,66
1211,72,66,54,68,33,71,59,50,66
1212,81,71,60,71,61,70,74,66,68
1216,65,65,68,70,54,69,69,60,68
1217,61,71,51,62,43,74,66,71,73
1221,90,72,56,71,43,73,65,57,69
1223,78,69,25,72,27,72,52,36,66
1225,65,71,64,64,65,69,67,64,69
1226,65,70,33,71,22,70,57,60,70
1231,85,65,36,70,33,73,60,51,70
1236,58,63,72,65,50,67,66,68,69
1237,75,72,39,55,35,74,58,42,69
1239,75,68,73,65,62,68,66,64,72
1243,61,69,65,64,67,72,67,63,72
1247,71,74,31,71,27,72,59,35,72
1255,74,68,23,68,60,70,62,57,69
1257,79,68,49,67,44,75,62,58,67
1260,72,62,51,72,64,63,69,63,76
1268,72,73,32,70,32,71,59,51,62
1269,70,67,27,67,43,73,64,60,72
1271,63,66,69,70,76,66,72,67,66
1273,72,70,28,68,21,70,66,54,69
1274,66,69,50,64,62,70,69,60,68
1275,59,70,32,68,61,76,69,66,69
1276,59,68,63,68,59,67,67,59,67
1280,56,82,53,65,67,67,65,60,66
1282,70,71,48,67,64,73,72,72,70
1284,77,68,28,67,37,72,60,56,73
1285,71,71,55,71,34,76,69,57,75
1287,81,76,52,75,71,73,66,65,66
1288,68,63,36,71,27,72,69,64,65
1298,70,68,72,66,62,69,70,64,71
1312,56,63,67,65,61,70,63,49,66
1313,63,73,65,63,62,70,69,69,72
1314,84,67,63,71,47,69,61,68,73
1316,73,70,56,66,69,61,62,62,76
1317,71,72,32,69,27,69,58,45,68
1318,66,67,51,64,58,66,64,50,68
1323,81,73,62,60,44,65,64,53,66
1324,71,63,59,62,52,73,62,59,72
1325,73,66,49,69,30,73,63,51,72
1327,65,67,44,65,24,73,65,48,67
1344,61,63,67,62,31,67,67,57,66
1345,71,72,43,74,43,70,67,65,69
1347,87,67,67,71,64,70,66,64,69
1364,77,64,54,70,34,69,65,65,65
1366,70,68,62,70,34,71,69,61,71
1367,60,70,49,70,46,72,56,54,70
1376,70,70,52,68,58,69,70,69,68
1377,72,66,39,65,25,69,50,45,68
1385,72,61,59,70,28,72,66,63,67
1413,75,66,34,69,33,72,61,59,70
1415,75,65,31,67,37,70,59,60,61
1416,57,61,54,64,27,71,70,63,71
1422,72,65,26,71,33,71,57,44,78
1429,65,65,38,73,48,69,62,53,73
1435,72,73,43,63,47,68,67,65,71
1436,70,66,62,65,52,68,70,58,66
1440,77,71,53,58,39,71,69,67,70
1443,74,74,27,65,63,73,52,39,74
1449,69,68,55,66,56,72,72,62,67
1453,70,68,40,71,63,72,63,60,71
1455,68,68,57,72,55,71,67,68,68
1467,66,67,43,68,37,72,64,58,70
1471,78,72,33,71,56,68,64,66,66
1474,69,68,31,69,31,70,69,72,68
1481,71,70,56,74,65,66,68,67,70
1489,74,71,59,68,28,75,68,66,73
1492,65,64,67,67,43,68,69,63,68
1501,73,66,24,67,23,71,62,59,70
1503,75,57,55,68,59,68,62,60,77
1508,71,67,73,74,52,69,68,66,71
1511,62,66,37,67,51,74,68,66,70
1513,71,66,33,73,25,71,60,32,68
1540,76,67,55,70,59,70,67,69,67
1542,65,69,63,68,64,72,70,52,70
1545,73,66,35,75,21,70,57,66,71
1547,72,59,61,61,61,66,75,64,60
1552,76,70,47,73,55,68,60,59,65
1556,72,65,44,68,19,69,53,58,60
1559,65,67,37,68,26,70,67,72,69
1567,71,68,62,65,54,70,71,64,66
1570,75,70,37,68,36,66,74,65,64
1574,54,57,66,71,48,62,66,57,63
1575,74,68,48,68,40,72,60,47,70
1576,46,66,70,58,58,59,70,67,65
1582,70,70,56,69,62,70,68,65,68
1589,74,66,26,70,48,69,67,64,67
1594,56,64,43,65,22,71,63,60,65
1596,78,70,41,62,43,69,61,59,66
1602,52,66,40,71,52,72,71,71,66
1604,72,65,33,69,28,70,52,56,65
1609,62,60,56,66,55,65,68,63,63
1613,72,74,38,70,78,72,64,60,68
1620,62,57,59,60,47,64,70,69,65
1625,72,67,52,62,36,70,65,67,69
1626,62,66,27,67,16,71,62,52,67
1640,65,66,41,68,25,68,66,63,65
1643,60,66,50,69,32,69,73,62,70
1644,64,66,23,68,48,72,63,59,69
1661,74,65,53,63,44,66,67,64,64
1662,60,65,65,66,50,69,62,59,67
1663,79,65,60,64,43,69,61,63,70
1664,68,65,63,68,58,66,66,61,69
1672,71,68,59,63,63,62,69,64,65
1674,69,67,60,70,60,73,66,62,70
1680,83,71,59,50,59,76,66,60,77
1686,76,71,24,58,21,71,61,44,66
1695,68,71,32,67,24,72,69,71,69
1704,80,65,50,72,61,67,58,59,70
1705,70,67,67,58,58,62,67,65,55
1706,71,69,59,70,50,68,65,61,71
1710,62,67,59,60,47,70,65,57,69
1722,68,63,45,67,36,70,76,72,65
1727,69,71,31,69,44,70,55,59,70
1736,72,70,41,69,39,67,60,61,63
1743,59,67,54,70,39,64,69,56,68
1744,78,65,25,67,30,68,55,34,66
1745,66,64,46,66,32,73,67,44,66
1766,76,64,22,68,32,75,61,59,72
1767,65,69,53,69,55,68,71,67,67
1774,65,67,49,68,31,69,48,33,67
1783,79,68,49,69,40,68,57,55,70
1791,70,64,28,67,21,72,52,44,65
1792,73,69,43,72,31,68,63,61,64
1795,80,67,61,74,70,72,63,60,73
1799,49,55,31,70,44,72,62,61,74
1802,76,64,60,67,60,67,66,64,68
1807,77,65,39,64,36,68,62,56,66
1813,51,69,57,71,62,61,68,58,70
1817,60,64,67,68,32,73,64,56,70
1821,74,69,50,69,40,74,50,47,75
1823,64,68,38,60,50,70,71,71,70
1825,68,65,51,69,36,71,68,62,72
1827,70,61,62,59,61,61,64,59,65
1832,64,63,25,70,31,69,59,55,71
1846,75,63,65,65,75,66,65,67,61
1850,71,73,48,61,18,68,63,59,72
1851,68,67,40,68,24,68,53,43,67
1861,65,64,61,65,52,68,64,58,70
1873,69,75,48,70,67,60,69,65,68
1890,73,69,42,70,50,70,43,30,72
1895,71,66,22,66,30,66,62,60,66
1908,68,68,38,61,47,71,63,63,64
1910,64,72,45,66,27,68,60,39,71
1923,63,65,68,67,63,67,65,58,64
1926,77,62,67,60,67,66,65,58,66
1931,63,64,53,67,42,72,66,67,68
1935,70,65,41,68,30,70,61,63,64
1941,56,68,67,67,67,65,62,66,63
1947,69,64,28,63,38,68,58,51,70
1955,70,67,24,70,22,68,54,48,61
1964,54,66,30,67,28,70,64,62,70
1977,60,72,23,66,24,67,66,45,68
1991,62,64,60,65,60,70,62,60,63
2010,61,61,23,68,56,73,63,56,68
2021,54,45,68,46,48,50,66,54,45
2023,63,58,51,63,49,68,63,55,66
2025,81,68,26,73,60,67,45,42,56
2044,72,65,25,66,25,68,50,30,69
2045,60,69,54,62,48,71,65,63,69
2075,79,66,48,65,36,68,66,60,63
2089,75,61,65,57,46,67,62,48,69
2131,63,66,60,68,63,67,60,63,62
2134,82,64,36,65,31,64,59,62,64
2170,45,61,55,67,55,68,65,62,66
2182,59,66,39,81,46,50,66,62,57
2190,63,68,50,66,28,65,57,49,65
2207,80,65,30,66,39,64,60,61,63
2227,68,65,34,66,37,66,63,57,65
2234,66,64,28,66,22,63,55,54,60
2237,60,67,56,64,36,64,67,58,64
2265,58,62,40,62,41,63,59,55,64
2266,55,72,28,64,20,69,44,26,64
2317,67,61,50,64,34,67,64,50,68
2345,71,63,25,64,21,68,49,35,65
2352,70,64,63,62,38,70,68,65,73
2354,77,59,54,57,67,68,71,68,67
2356,78,70,49,66,49,66,69,66,64
2375,90,63,52,61,68,64,55,52,62
2390,78,62,25,63,27,68,61,52,59
2437,66,55,54,65,36,64,62,52,64
2462,58,60,47,61,56,70,65,58,68
2470,54,64,34,60,35,70,64,54,68
2535,66,65,60,63,68,67,65,63,64
2543,53,63,28,68,22,67,60,49,64
2568,58,61,37,66,20,72,49,30,64
2584,74,53,54,53,40,64,67,60,66
2608,56,66,63,51,74,68,66,65,67
2613,55,62,47,66,51,67,60,57,61
2650,69,63,56,50,62,66,64,63,62
2654,76,63,67,59,31,61,59,53,65
2693,67,58,24,61,18,64,49,38,58
2712,55,66,45,62,28,67,56,55,67
2841,52,59,55,65,33,69,60,52,68
2900,57,62,29,66,22,67,70,64,65
2914,70,62,33,64,58,67,52,52,64
2919,51,58,62,68,59,61,62,58,58
2943,56,60,55,59,61,60,64,54,61
2971,62,61,41,66,24,66,52,41,61
2994,60,56,57,63,51,62,63,59,63
3054,58,63,57,60,61,62,64,51,64
3079,72,58,26,64,24,62,62,49,61
3112,69,62,45,64,27,63,40,33,61
3129,65,59,46,62,50,63,61,54,63
3143,75,57,43,50,58,66,61,60,65
3290,70,63,31,64,21,65,34,29,65
3317,57,64,22,57,28,69,59,54,63
3415,79,62,50,56,36,56,60,38,58
3548,43,45,48,57,45,58,62,58,53
3669,43,61,50,65,37,65,54,43,62
3730,55,64,54,61,38,56,64,59,49
3985,65,62,49,61,34,62,32,32,64
6273,67,52,33,58,26,54,48,37,52
7480,76,56,27,60,24,60,54,48,57
7481,70,54,50,62,58,64,66,65,63
7514,55,55,53,51,47,57,64,63,55
7720,65,60,45,65,34,62,63,61,60
7740,53,57,30,53,27,61,57,53,63
7758,49,48,56,54,44,58,68,68,59
7766,45,47,53,43,51,45,65,57,46
7896,60,58,25,58,21,62,56,45,59
7918,78,60,58,55,35,64,52,46,63
7921,60,60,28,59,19,61,59,29,60
8049,56,54,50,61,33,65,55,51,58
8272,61,58,51,63,38,62,65,56,60
8313,43,41,55,45,52,47,59,55,38
8353,47,56,61,59,52,55,62,49,54
8373,53,63,43,64,34,64,58,50,63
8391,62,54,51,57,43,62,62,58,61
8652,60,62,29,61,26,64,51,43,63
8689,44,56,54,49,42,60,58,51,53
8725,64,59,53,61,54,61,65,63,58
8974,59,59,53,56,58,57,60,58,59
9028,63,55,58,45,40,54,58,61,63
9036,51,61,33,60,36,66,56,54,65
9058,61,57,46,63,30,64,66,56,61
9101,59,58,55,60,37,67,58,46,68
9209,59,61,26,62,22,62,58,52,61
9258,59,57,40,58,31,62,57,53,60
9295,71,61,53,62,47,61,65,60,60
9304,62,61,39,60,42,63,61,60,63
9383,62,58,54,62,29,66,60,56,66
9455,73,58,50,62,44,65,48,43,64
9566,69,61,42,65,30,66,50,44,64
9569,75,64,49,58,44,63,65,58,57
9616,64,61,24,58,17,66,51,39,57
9617,63,55,41,60,41,64,69,64,68
9623,67,58,57,59,65,58,55,50,60
9750,65,53,42,61,34,62,65,58,60
9803,63,62,49,60,45,58,57,49,59
9828,49,57,57,52,53,55,62,57,56
9905,66,62,31,64,25,65,64,60,61
9912,54,64,60,52,52,63,58,55,59
9958,67,57,67,60,35,63,60,59,58
9977,65,57,44,61,32,64,64,63,61
10070,59,61,27,63,22,66,63,55,64
10180,68,63,59,63,49,61,61,58,60
10187,67,66,21,62,36,66,65,58,63
10193,62,61,60,64,56,61,62,59,59
10204,71,65,42,62,43,58,57,43,61
10254,70,66,53,67,34,63,64,57,62
10287,61,59,48,66,36,66,62,52,65
10311,63,60,54,60,48,65,68,59,59
10378,55,62,34,70,36,65,62,51,63
10445,45,23,61,48,33,46,63,54,44
10473,56,61,55,60,32,63,61,59,63
10474,80,64,36,63,22,61,51,31,66
10510,61,60,57,60,31,65,63,55,63
10520,61,55,55,66,63,61,66,60,61
10530,54,58,57,63,24,63,65,58,64
10543,55,56,64,42,65,32,60,52,34
10633,63,61,20,70,68,65,63,70,61
10655,60,64,51,64,28,65,55,52,66
10700,70,59,73,65,40,67,58,45,64
10702,54,62,60,64,45,66,54,49,65
10725,68,62,61,58,25,60,61,60,62
10728,52,67,41,65,31,66,62,61,64
10813,63,31,52,53,71,56,62,61,55
10832,68,66,63,61,59,67,60,51,66
10852,60,62,47,64,37,63,72,65,61
10858,63,67,30,66,34,67,57,53,62
10884,68,59,42,66,35,68,63,60,63
10902,65,64,35,64,26,65,57,54,64
10945,69,68,14,68,50,63,51,49,63
10954,76,60,27,63,31,65,54,46,62
10999,72,64,42,65,46,70,66,58,62
11004,70,64,60,67,55,65,65,65,65
11014,62,60,43,64,40,69,69,55,68
11020,65,59,34,66,25,67,59,51,57
11022,71,65,47,70,32,66,49,56,65
11025,72,58,31,63,40,66,46,41,65
11036,62,63,61,60,41,61,60,60,61
11098,59,64,47,65,38,67,58,54,64
11136,61,59,60,65,53,63,58,56,63
11138,67,62,54,66,52,64,64,52,65
11154,60,63,25,64,28,67,66,48,59
11157,61,62,67,63,59,65,67,55,62
11175,73,56,48,65,66,64,60,63,62
11200,69,71,32,65,30,69,49,45,65
11218,57,60,56,67,57,58,68,54,63
11248,51,58,48,60,42,65,70,52,67
11271,60,66,57,69,58,70,62,54,72
11277,65,55,54,64,44,64,64,53,66
11288,67,58,66,67,55,62,63,62,59
11297,59,64,59,67,58,71,64,58,69
11304,67,63,33,67,33,68,49,44,66
11306,76,62,37,64,25,63,54,43,62
11316,53,62,62,63,60,68,67,62,68
11322,74,64,52,60,39,67,61,56,66
11347,58,66,56,65,67,65,66,67,66
11364,55,63,47,67,29,69,64,54,63
11370,57,56,60,62,54,66,65,56,61
11376,63,62,43,60,48,69,58,51,68
11389,66,57,60,60,61,63,66,51,64
11390,71,62,59,54,58,64,67,63,58
11397,47,48,59,38,52,52,68,59,47
11440,68,65,41,74,67,63,66,65,57
11475,79,53,52,70,60,60,65,62,72
11489,67,60,50,63,59,61,66,56,63
11497,67,68,45,67,48,67,57,55,68
11504,73,62,60,57,58,65,63,63,61
11520,64,63,32,61,27,66,63,45,64
11543,50,63,38,64,38,65,65,47,63
11546,57,64,62,64,37,69,63,56,67
11547,61,62,54,58,69,62,65,60,59
11554,64,64,25,64,26,65,51,44,64
11588,66,66,25,69,27,70,54,44,69
11612,59,61,65,56,63,59,67,64,64
11630,70,67,25,64,32,67,63,38,65
11638,80,69,43,66,33,67,64,60,70
11673,60,66,65,66,62,64,69,60,67
11677,49,65,56,66,45,68,61,57,64
11706,73,66,44,69,60,72,64,61,71
11715,48,54,63,38,55,58,64,53,51
11716,68,66,21,64,44,65,62,52,63
11718,59,69,48,66,46,63,66,65,65
11721,70,62,59,66,43,67,65,59,70
11731,65,65,50,66,38,68,63,51,71
11736,64,67,56,65,61,68,59,48,64
11741,56,64,20,68,21,67,58,50,64
11744,62,67,60,63,61,64,67,57,58
11750,50,26,61,33,58,29,67,59,28
11760,58,63,32,66,50,70,64,63,69
11775,56,67,27,62,33,70,62,56,67
11841,51,70,27,71,22,69,51,50,67
11863,78,71,32,71,52,65,65,58,62
11887,68,68,47,72,49,62,69,60,59
11918,67,60,60,61,65,68,72,68,67
11930,68,62,36,62,72,66,70,65,66
11957,66,72,46,64,49,70,62,59,68
11966,61,69,64,67,39,71,62,67,67
11968,72,67,64,66,58,68,70,63,65
11971,65,71,35,70,39,74,66,63,72
12003,71,64,22,73,40,66,51,47,64
12010,63,64,55,60,63,64,63,54,64
12043,62,64,56,59,35,68,63,34,69
12048,59,65,40,66,46,67,66,61,66
12053,75,64,49,63,32,65,65,60,65
12075,61,68,38,70,33,67,60,56,64
12078,65,65,51,64,23,65,52,44,67
12095,31,34,55,48,54,52,64,53,49
12144,67,66,62,60,68,70,68,64,70
12149,68,64,19,72,21,72,43,35,71
12187,75,64,11,65,31,68,54,46,69
12202,77,72,55,70,54,76,64,63,66
12220,66,59,48,64,32,69,62,53,65
12232,62,63,58,56,38,68,64,38,68
12239,69,64,64,65,58,65,68,64,62
12247,60,65,61,68,40,70,65,50,66
12250,71,72,59,63,63,74,60,52,66
12252,68,57,57,66,30,69,63,59,66
12262,47,63,30,66,23,70,59,58,68
12269,72,69,55,61,30,70,68,66,68
12272,72,61,30,64,35,67,64,54,66
12281,76,64,54,60,26,67,62,60,64
12293,56,66,54,69,41,71,59,52,68
12300,58,62,33,66,24,70,52,43,70
12308,67,54,48,63,65,67,67,64,66
12333,88,66,47,66,31,72,63,59,70
12337,63,62,21,63,22,71,64,52,67
12338,73,68,60,69,48,71,64,57,71
12353,65,66,37,68,21,74,64,55,67
12354,59,66,49,70,56,66,63,63,64
12368,75,64,31,64,51,64,64,60,59
12381,62,61,46,70,55,66,68,61,65
12382,67,67,55,62,56,69,67,65,65
12384,64,63,57,68,45,66,72,64,64
12386,78,64,59,63,68,69,67,66,67
12412,80,63,52,58,39,68,61,56,68
12415,74,64,59,58,67,66,68,68,64
12425,60,67,26,61,39,72,60,56,69
12432,71,59,54,64,63,65,65,64,64
12434,83,59,59,70,54,70,71,57,65
12440,74,68,62,65,67,67,67,64,62
12444,78,70,52,66,53,63,67,69,60
12453,70,69,49,63,27,70,56,42,72
12463,68,65,62,70,65,71,66,66,69
12464,70,73,57,71,49,58,69,58,71
12468,62,55,66,67,74,67,67,65,64
12470,61,59,61,67,40,70,65,61,62
12514,58,72,49,65,59,67,67,63,64
12516,77,60,70,66,63,66,67,62,70
12517,74,64,23,68,19,67,62,60,65
12520,78,63,63,73,58,70,65,52,62
12525,69,65,56,67,50,68,64,59,67
12528,60,69,59,62,62,66,56,52,65
12561,69,67,50,62,45,72,67,66,63
12563,66,62,65,64,39,67,68,60,66
12565,75,65,52,65,49,62,65,59,68
12570,66,66,63,68,58,66,67,64,64
12578,71,65,38,65,40,71,57,52,68
12584,70,66,24,67,25,70,50,47,69
12586,71,65,53,66,50,74,68,70,70
12587,82,61,30,66,18,70,56,49,66
12588,71,68,63,69,31,69,63,54,66
12589,71,62,57,68,68,67,64,59,64
12592,74,64,52,66,70,69,65,61,67
12600,56,66,58,59,58,65,65,58,70
12634,70,68,67,66,70,69,71,67,64
12639,65,66,39,68,33,68,65,58,60
12645,54,67,64,69,49,68,65,62,64
12646,65,67,54,64,62,66,62,59,64
12659,61,56,70,58,48,60,68,58,58
12665,68,68,40,65,52,67,62,57,67
12669,94,58,38,60,30,68,58,53,70
12681,81,71,56,65,56,64,62,64,68
12684,58,67,38,69,34,68,64,54,69
12688,76,61,20,66,23,67,56,45,67
12691,62,64,65,65,56,66,64,50,65
12705,59,71,45,66,41,69,68,58,67
12707,64,67,29,69,57,66,54,60,66
12717,53,55,50,50,59,65,74,68,53
12722,54,74,28,68,29,70,66,65,70
12735,79,67,74,64,64,62,66,63,60
12740,67,65,37,69,26,69,60,53,67
12757,67,72,24,67,23,73,51,47,66
12759,75,66,28,67,43,71,46,45,69
12793,61,66,67,67,51,63,67,70,62
12804,71,62,55,67,54,67,65,59,64
12807,40,41,63,45,40,34,68,50,36
12814,72,68,64,65,49,65,67,60,56
12818,72,66,38,66,26,67,63,62,68
12823,74,67,32,66,29,66,48,54,69
12841,66,72,41,65,35,68,71,59,70
12844,60,64,55,66,44,68,64,61,66
12847,57,67,56,69,39,68,61,48,68
12848,68,64,44,66,36,66,55,31,65
12851,69,63,61,59,50,70,64,53,72
12856,76,69,33,61,32,69,59,64,63
12861,75,70,54,75,30,72,62,60,72
12871,71,65,28,66,24,72,65,57,66
12872,51,54,63,55,59,52,68,54,38
12880,82,63,67,62,64,64,62,56,63
12881,59,63,46,61,68,70,59,25,71
12893,72,77,35,55,42,74,72,66,71
12907,64,63,63,61,64,69,63,58,66
12910,63,67,52,68,38,69,67,59,66
12911,63,70,28,69,23,67,56,48,70
12919,70,67,58,68,48,68,70,62,65
12927,77,58,64,62,55,64,64,52,63
12934,65,62,30,70,26,74,47,48,72
12937,67,67,36,66,34,67,54,38,69
12959,65,64,56,69,47,71,65,64,68
12960,59,49,64,55,59,53,68,65,54
12970,66,77,25,82,22,67,49,45,70
12973,69,66,27,65,25,68,60,56,66
12976,67,65,66,66,64,67,68,62,62
12979,68,67,56,62,43,64,64,55,59
12991,63,73,71,73,64,64,70,68,61
12994,59,62,67,68,35,69,70,53,67
13004,78,70,65,70,58,64,64,61,58
13006,66,65,68,66,53,64,69,70,62
13021,69,55,64,61,54,64,64,44,66
13024,66,63,15,66,15,73,56,45,68
13032,72,67,45,66,23,65,62,45,64
13056,66,75,49,64,52,68,64,58,73
13086,83,63,59,65,56,66,68,60,65
13095,81,69,31,69,46,71,63,58,72
13099,76,67,58,60,62,65,72,69,64
13105,80,65,21,69,25,72,67,61,70
13122,67,69,40,62,62,67,71,63,61
13125,70,65,47,61,40,61,66,61,64
13126,65,68,30,67,32,70,60,54,67
13155,66,65,33,66,32,71,52,44,67
13162,74,71,50,68,42,69,67,57,71
13170,72,74,61,60,51,75,65,61,72
13172,60,67,62,68,39,69,63,61,68
13176,70,64,65,58,42,67,65,63,65
13181,33,58,62,45,61,65,68,66,59
13183,78,71,23,68,34,67,60,64,65
13187,68,66,64,55,50,66,62,66,65
13194,82,71,72,70,70,67,67,65,65
13205,70,67,57,66,75,70,67,67,63
13209,76,69,32,58,21,71,53,33,70
13213,65,70,21,60,26,70,66,64,68
13220,67,69,57,70,68,70,67,70,64
13221,76,64,57,65,34,68,67,50,65
13228,66,70,42,71,54,68,62,65,74
13231,66,65,63,64,62,70,68,67,67
13241,72,69,57,62,63,67,65,64,69
13243,75,58,32,72,36,71,61,51,62
13257,62,65,25,68,23,68,62,65,69
13264,65,67,25,66,20,67,51,56,66
13270,61,68,33,72,27,73,60,39,70
13278,52,73,26,69,31,70,67,60,64
13280,62,68,68,71,52,71,64,61,70
13281,77,67,20,73,21,72,72,71,70
13289,67,69,33,64,47,66,61,59,68
13301,75,75,21,66,25,70,53,61,66
13302,57,63,58,65,41,69,66,62,70
13304,58,64,64,66,58,70,71,66,70
13311,49,72,20,68,16,73,62,38,69
13324,71,63,55,64,45,66,71,67,65
13329,65,69,23,67,34,72,57,59,68
13334,62,78,63,64,32,67,64,60,66
13346,67,68,50,69,51,72,73,70,69
13349,60,63,41,64,26,67,71,63,66
13353,78,69,49,69,55,72,67,56,73
13359,58,56,68,66,43,65,66,57,62
13363,80,69,26,66,25,70,54,50,65
13365,68,71,37,68,26,70,67,59,68
13375,63,72,55,59,45,67,66,65,69
13376,54,71,26,71,28,70,52,43,71
13379,67,65,28,68,33,69,58,54,68
13394,61,61,28,69,21,75,59,52,70
13427,58,64,59,68,41,70,72,66,70
13431,76,66,62,64,46,73,65,64,64
13433,70,62,63,62,52,63,66,64,65
13434,65,65,60,67,43,72,66,60,65
13435,76,64,31,72,25,68,56,53,66
13439,65,65,42,67,20,70,59,56,65
13450,75,63,26,69,33,69,54,56,67
13452,73,67,55,60,54,75,67,57,73
13464,72,70,23,72,26,69,41,26,65
13468,35,63,66,64,51,64,66,60,60
13476,55,65,56,67,42,70,62,64,65
13481,80,64,63,68,62,66,61,59,64
13487,71,66,67,69,41,73,66,64,72
13488,85,67,48,66,42,73,64,53,70
13489,47,62,67,63,70,68,67,64,59
13494,66,68,62,64,53,69,72,69,65
13496,68,59,39,69,31,69,65,57,72
13497,75,67,28,70,43,68,63,53,67
13498,58,60,62,63,52,66,74,70,66
13512,58,69,55,68,27,71,69,55,67
13517,70,69,27,68,19,68,60,52,67
13525,67,72,36,67,59,68,64,63,65
13529,79,66,65,66,50,70,70,64,69
13535,83,62,67,55,64,72,68,64,66
13540,65,68,63,63,51,65,65,61,69
13545,68,64,33,66,38,67,60,60,64
13549,58,66,44,64,25,68,66,55,63
13558,74,66,23,66,23,71,54,55,69
13559,66,70,25,71,27,66,62,58,65
13561,71,67,57,65,22,67,68,57,72
13563,80,73,56,72,39,74,62,55,73
13566,63,72,28,71,24,67,61,58,61
13569,72,72,54,78,55,73,74,65,69
13575,68,67,63,61,32,68,62,56,68
13577,58,58,28,74,26,76,54,29,73
13578,70,76,53,61,55,69,54,53,71
13579,69,69,68,65,59,70,68,64,70
13582,70,70,12,66,36,68,61,60,66
13595,52,68,57,68,64,70,68,62,63
13605,62,66,22,69,48,71,63,61,69
13610,76,64,34,68,11,71,51,34,69
13620,64,68,54,65,23,68,69,68,73
13627,77,75,21,71,27,70,47,48,69
13629,68,70,63,63,58,65,67,67,67
13632,73,64,59,63,33,68,68,63,67
13645,65,71,39,70,24,67,59,58,64
13647,69,69,49,67,38,73,65,66,63
13653,74,76,53,65,46,64,61,62,62
13654,67,58,65,65,62,60,69,67,62
13656,64,65,43,73,25,74,55,42,72
13659,68,64,53,66,30,63,68,60,64
13660,61,68,55,68,51,70,65,57,65
13661,70,60,67,66,61,68,72,70,64
13666,63,66,53,68,37,68,60,52,65
13675,64,72,40,63,17,66,66,49,67
13676,63,69,48,64,48,69,59,53,67
13686,64,66,61,60,67,68,66,65,68
13687,62,67,28,70,22,71,43,51,66
13705,55,70,42,68,63,62,56,47,69
13706,73,70,54,68,25,69,68,62,64
13707,62,51,68,51,61,58,68,60,54
13708,83,65,36,62,41,70,58,53,70
13709,68,57,58,69,50,69,74,77,75
13714,69,64,51,65,60,75,72,64,70
13721,69,67,25,68,19,68,58,55,69
13724,77,70,55,69,54,70,64,60,68
13740,74,69,36,67,30,69,62,50,66
13744,71,62,29,72,17,75,49,34,65
13757,72,62,32,71,30,74,54,41,73
13759,70,68,30,71,29,69,51,45,65
13767,69,70,49,71,51,68,63,69,67
13771,65,63,57,70,50,72,69,66,71
13773,84,60,30,65,38,66,66,63,66
13774,85,65,28,64,43,68,57,58,66
13779,62,67,50,68,50,70,65,61,68
13786,73,59,55,59,61,68,67,65,62
13797,75,65,57,70,65,67,65,55,68
13799,61,67,63,64,47,68,65,60,66
13801,48,60,58,66,52,69,64,57,67
13808,65,67,45,66,47,70,67,55,69
13811,75,64,53,70,32,66,67,74,66
13815,65,63,47,66,38,70,62,53,77
13840,66,74,28,67,42,68,48,53,73
13842,70,70,64,69,72,67,69,68,68
13843,71,67,37,65,45,69,66,67,65
13844,80,71,32,72,68,69,69,66,67
13846,73,67,55,65,62,69,68,58,66
13848,46,70,53,70,61,70,72,71,72
13852,69,69,29,70,35,71,67,72,69
13861,73,69,61,64,73,70,70,69,65
13866,67,76,50,75,57,75,62,62,75
13867,74,69,38,69,36,68,67,65,69
13872,69,68,67,65,71,71,73,75,68
13873,68,68,28,69,24,72,66,54,72
13878,71,68,55,70,37,70,61,64,64
13880,75,70,23,70,30,70,51,37,67
13882,72,71,18,65,16,75,65,42,72
13886,67,76,50,66,46,66,66,56,66
13898,71,71,44,69,59,74,68,65,70
13899,66,67,28,71,29,74,62,53,67
13900,48,68,73,37,72,54,67,69,58
13903,71,67,48,71,39,67,63,62,68
13908,76,68,31,71,25,67,63,50,62
13914,63,64,58,63,68,66,78,74,61
13921,57,66,51,70,52,71,67,61,71
13926,67,71,55,71,65,68,65,64,69
13928,89,66,58,63,68,68,63,66,69
13930,69,67,35,70,18,71,55,56,70
13931,66,65,65,69,59,68,64,60,69
13934,64,72,30,71,28,69,64,57,63
13935,74,66,28,67,24,70,60,46,65
13939,73,68,31,70,34,72,63,59,74
13941,67,63,56,72,42,68,73,71,67
13944,65,63,21,75,25,73,54,55,73
13956,66,73,34,74,43,70,60,63,69
13958,77,66,56,70,55,75,64,65,76
13966,75,71,46,71,43,72,66,53,74
13968,61,70,55,69,37,72,60,57,70
13969,59,62,56,68,48,66,63,57,67
13971,69,71,28,65,17,72,54,44,70
13976,74,72,32,72,48,73,58,56,72
13987,60,68,33,70,20,73,64,61,69
13988,62,67,63,62,58,67,66,66,63
13991,68,68,55,69,50,70,69,68,69
13992,65,70,13,62,34,76,52,50,72
13998,71,72,35,68,20,73,60,52,71
14001,76,71,58,73,58,72,69,66,72
14007,72,68,66,66,59,69,68,64,68
14009,66,67,26,70,39,71,59,45,71
14013,68,63,64,72,36,73,67,56,68
14019,75,68,28,58,49,70,64,71,63
14022,64,73,36,68,38,73,69,66,70
14023,78,66,26,72,57,68,55,48,67
14028,79,66,46,69,39,70,58,57,64
14030,65,68,61,62,75,73,70,68,64
14032,69,77,49,65,63,71,69,69,64
14033,65,65,40,69,52,74,72,70,68
14034,57,72,29,71,25,76,62,45,73
14037,69,64,69,67,52,70,76,72,72
14044,72,65,29,67,21,71,67,62,69
14046,84,65,51,63,54,68,67,63,70
14049,62,64,69,63,65,66,68,59,67
14058,75,65,12,68,15,75,62,41,63
14069,66,62,34,71,41,68,65,61,65
14076,54,55,65,48,56,48,68,66,55
14078,66,66,60,71,47,70,68,67,72
14079,61,63,56,61,41,71,70,42,72
14080,40,67,57,60,53,62,75,68,64
14088,73,63,64,60,66,69,69,62,68
14092,65,65,34,66,26,69,63,60,66
14106,68,73,59,65,61,66,66,60,65
14107,69,66,54,68,61,68,71,69,68
14109,71,67,22,70,32,71,57,48,68
14111,72,70,54,69,57,69,64,66,69
14114,68,67,66,67,70,67,68,68,64
14115,70,70,35,71,27,72,64,62,67
14126,74,64,42,67,57,74,63,57,73
14127,84,70,37,67,26,73,57,50,70
14135,59,67,26,70,24,73,48,34,68
14137,69,66,23,73,25,70,60,45,68
14139,79,64,26,66,26,69,66,51,67
14143,75,62,66,61,56,62,67,63,63
14144,81,73,52,71,59,71,76,62,69
14146,67,64,69,48,70,68,69,68,67
14148,69,71,28,68,14,69,48,30,68
14150,71,72,49,66,48,69,65,57,69
14151,77,66,59,61,64,64,65,60,65
14154,77,69,50,63,25,72,65,62,71
14160,63,75,60,73,15,74,57,58,71
14164,58,64,54,63,47,70,69,63,72
14169,48,68,67,72,44,70,65,61,67
14173,79,70,58,68,51,68,65,64,70
14174,67,67,12,65,11,75,55,49,71
14176,69,54,68,50,47,60,67,63,55
14177,71,70,44,70,50,70,62,57,69
14178,68,62,62,51,70,62,72,71,62
14181,68,68,28,71,35,74,60,54,65
14182,70,61,66,64,44,71,68,63,70
14188,64,68,52,70,68,72,65,54,72
14189,66,68,55,67,40,68,66,64,70
14198,68,65,64,70,65,69,69,70,68
14200,75,66,49,72,38,73,65,59,74
14213,62,68,69,70,44,62,76,70,51
14220,85,70,26,73,21,67,44,53,67
14222,74,66,52,66,41,70,66,70,66
14230,64,67,68,70,63,69,66,62,67
14232,79,71,42,51,33,74,66,56,72
14242,73,64,59,50,42,69,70,64,68
14247,59,69,36,63,25,69,63,49,69
14248,61,71,53,70,34,71,70,67,70
14250,69,70,62,65,55,72,64,56,69
14252,70,63,47,69,50,73,63,62,72
14257,70,67,67,66,49,66,67,66,64
14258,78,70,25,72,70,68,66,63,67
14265,71,73,55,73,58,70,64,63,69
14270,77,64,42,67,71,69,66,71,74
14275,62,72,41,65,34,70,62,56,66
14279,80,69,59,65,51,67,63,61,66
14280,71,68,59,66,48,66,67,63,69
14281,62,64,67,70,70,63,69,69,65
14284,84,70,29,62,24,69,58,61,67
14295,66,62,61,63,44,71,69,51,70
14304,75,69,31,70,27,74,60,55,62
14308,73,61,74,62,58,69,65,64,67
14317,74,60,65,64,53,67,76,74,60
14319,71,63,62,72,60,68,69,65,65
14320,57,68,61,68,66,72,61,60,70
14340,78,73,39,72,62,69,67,55,71
14345,77,71,64,68,58,71,67,58,70
14348,66,66,62,69,25,71,57,50,68
14351,69,68,19,71,39,70,55,52,69
14352,60,71,69,73,49,72,73,71,73
14356,70,69,27,69,22,72,58,52,69
14361,64,68,40,69,47,66,66,65,63
14368,77,74,23,60,37,72,59,46,68
14370,60,59,64,52,60,57,67,64,53
14372,79,66,65,60,68,71,73,73,71
14373,75,67,37,70,36,70,49,54,69
14393,76,64,30,67,21,71,60,52,65
14395,78,69,37,65,50,65,72,71,61
14402,73,69,63,67,35,72,65,66,67
14403,73,71,37,67,41,72,71,69,71
14404,73,67,35,65,31,68,55,53,70
14411,80,65,63,63,72,68,63,56,70
14416,70,66,64,66,69,71,65,60,66
14417,59,68,69,63,66,66,71,69,61
14420,46,77,39,70,42,74,64,66,71
14421,79,63,49,66,52,68,68,62,72
14426,72,65,38,70,26,69,68,64,71
14428,67,67,64,66,76,70,73,70,68
14432,73,68,57,71,38,68,59,57,69
14437,50,66,45,66,39,68,66,54,68
14447,60,71,62,70,27,73,64,60,68
14454,65,67,31,70,42,73,63,55,71
14455,64,70,51,67,38,77,66,61,70
14458,64,70,64,72,63,68,67,62,71
14464,63,67,23,72,54,73,61,71,67
14483,68,70,40,71,40,70,65,60,70
14492,74,70,39,70,49,72,67,70,69
14495,75,77,23,64,24,75,50,47,70
14496,69,69,38,68,34,72,63,50,71
14501,56,65,57,55,52,66,68,62,65
14503,70,68,42,69,35,72,64,56,70
14506,65,65,54,66,48,68,67,66,65
14508,85,62,49,67,37,72,59,55,75
14516,68,68,58,66,46,72,68,68,68
14523,80,70,33,74,36,72,56,56,70
14524,74,70,36,68,61,68,55,60,68
14529,58,68,66,60,62,66,75,69,60
14533,80,69,67,62,45,68,73,63,70
14536,70,66,30,74,44,72,61,57,67
14537,69,69,66,61,67,62,70,70,60
14540,69,68,46,68,30,71,64,61,70
14544,79,77,22,64,25,73,48,44,75
14545,76,65,68,69,83,68,71,73,63
14549,71,69,65,68,66,70,63,62,71
14550,67,75,40,74,34,71,58,59,68
14551,73,74,42,70,39,71,70,59,70
14555,45,67,31,69,56,77,62,61,76
14558,74,67,31,72,73,71,68,66,71
14560,67,61,63,59,62,64,71,72,63
14561,70,64,29,65,45,75,73,67,73
14565,75,69,50,70,49,74,68,59,69
14567,71,71,58,68,60,73,65,60,72
14572,78,71,48,72,17,73,65,42,75
14578,68,61,68,59,68,70,70,71,69
14582,69,66,62,68,49,71,66,61,69
14589,70,62,64,64,67,68,67,56,70
14590,59,66,61,58,49,70,71,65,74
14593,69,72,48,66,36,71,70,67,75
14595,83,68,53,71,55,64,63,55,65
14597,65,66,59,71,46,73,72,71,72
14601,76,71,73,65,44,73,65,60,71
14603,68,71,36,69,27,68,67,63,69
14616,54,54,51,74,51,77,74,71,75
14617,73,71,45,71,42,73,63,64,69
14623,79,69,24,64,26,72,55,45,77
14624,71,67,56,70,38,71,65,62,70
14625,80,69,68,66,67,71,71,65,71
14626,70,70,42,63,37,71,69,60,80
14627,59,65,57,65,39,64,66,53,74
14641,73,69,32,70,27,74,50,48,73
14643,85,70,29,74,27,71,42,41,68
14644,84,70,53,70,46,69,60,65,69
14646,69,76,45,69,44,72,70,65,69
14647,72,75,24,68,40,74,52,48,72
14648,72,63,35,68,41,72,62,59,66
14649,60,73,29,72,24,73,50,43,67
14653,60,72,32,74,29,76,48,42,74
14654,51,64,68,59,74,66,72,70,71
14659,62,59,68,77,53,71,66,68,69
14662,73,71,74,69,52,73,70,65,74
14664,76,71,40,67,51,72,64,59,68
14665,73,70,57,70,30,71,65,59,70
14668,66,65,69,70,49,66,74,74,60
14671,71,72,26,65,27,72,52,45,70
14679,61,64,60,70,62,72,73,71,67
14684,65,71,56,68,51,71,63,49,72
14685,68,70,55,70,58,72,66,73,72
14690,74,60,63,58,70,60,67,63,64
14695,77,72,64,70,64,72,71,66,68
14696,57,71,60,65,49,73,62,55,70
14700,81,72,45,68,49,69,66,64,72
14703,52,68,72,64,71,71,69,54,66
14704,73,72,35,72,44,74,65,63,65
14705,79,68,56,69,48,66,65,57,71
14708,73,68,58,69,26,73,64,66,70
14713,75,68,42,72,40,70,58,51,71
14714,63,70,64,63,55,71,64,65,68
14719,68,75,69,67,54,72,64,58,70
14721,67,70,65,65,49,75,67,59,77
14722,70,70,72,70,73,74,75,72,71
14723,75,69,55,70,58,73,70,66,72
14728,79,71,52,68,51,70,70,68,72
14729,75,68,54,67,70,69,63,60,68
14732,60,70,55,61,73,75,81,79,63
14734,72,66,63,62,47,63,67,49,69
14748,71,71,26,70,43,70,64,50,67
14749,66,69,67,68,66,71,69,53,68
14754,80,68,39,69,36,70,60,44,70
14756,74,63,66,71,64,72,66,65,69
14761,70,76,46,72,27,78,64,60,76
14762,68,69,62,51,61,74,70,66,69
14764,48,57,67,62,73,64,67,72,62
14765,68,74,61,60,55,70,62,60,69
14769,85,70,43,73,73,67,67,70,67
14771,76,72,53,75,54,73,75,74,72
14775,67,68,59,62,53,71,72,62,73
14787,70,73,27,70,71,70,67,77,68
14788,73,67,40,72,33,72,58,53,72
14793,70,70,45,71,59,73,65,71,70
14795,81,63,65,68,63,70,65,60,68
14799,72,69,63,73,49,68,68,66,64
14802,81,64,69,65,57,68,66,66,67
14804,76,65,37,64,24,73,64,68,69
14808,80,73,53,74,57,72,63,64,69
14811,77,71,25,71,69,71,65,63,67
14813,75,66,26,67,53,68,62,53,73
14816,72,64,36,73,32,71,50,48,79
14817,73,59,64,58,66,67,71,67,64
14826,65,69,30,71,54,73,67,71,70
14827,65,66,69,55,65,70,77,75,65
14828,68,74,28,70,17,74,51,37,70
14829,74,70,50,75,43,68,72,61,64
14830,74,67,55,71,55,73,65,63,72
14831,60,65,47,67,29,67,68,66,69
14833,69,69,66,67,44,70,65,54,70
14834,63,67,40,70,40,72,75,69,67
14840,81,75,44,73,56,69,62,64,70
14841,67,68,54,73,29,73,68,63,72
14842,65,71,46,74,51,77,67,65,73
14855,67,64,23,71,50,74,64,67,70
14856,72,72,35,70,38,74,60,59,67
14862,77,70,53,71,60,70,67,65,68
14879,78,72,33,72,34,72,50,53,70
14882,77,65,62,71,41,73,60,65,71
14883,72,69,65,64,63,66,69,66,67
14887,76,71,60,73,35,72,68,53,67
14889,82,69,30,67,26,71,62,56,73
14891,77,63,55,67,62,67,71,62,68
14898,70,69,63,70,41,70,68,62,69
14901,73,74,39,67,39,70,63,58,69
14911,69,66,69,67,67,73,70,74,74
14914,61,70,69,69,56,66,64,49,66
14917,66,67,31,74,48,71,51,53,70
14922,78,70,59,70,36,74,66,69,70
14923,82,62,26,70,58,72,62,62,70
14926,72,66,24,70,21,74,54,52,71
14927,80,69,25,68,35,73,61,53,64
14928,69,66,68,66,47,73,67,60,66
14931,61,63,67,62,45,64,75,70,61
14935,78,69,21,55,31,77,60,55,75
14937,71,72,59,70,21,73,71,65,68
14942,71,64,65,63,55,69,67,62,72
14943,85,74,31,52,55,73,63,58,67
14945,68,71,64,69,65,72,69,67,71
14955,74,72,61,67,34,68,67,61,72
14956,84,66,67,68,72,69,62,64,64
14957,72,63,59,63,65,68,71,59,71
14961,72,72,69,60,55,67,75,65,66
14969,74,66,59,69,38,69,68,62,73
14970,75,70,59,50,51,74,70,56,71
14973,73,68,25,70,38,71,59,59,70
14981,71,69,66,57,68,66,69,67,65
14986,67,73,33,69,36,75,71,57,69
14987,75,70,69,38,70,73,71,67,72
14990,65,68,29,73,25,71,60,46,68
14991,70,72,22,68,36,68,57,49,68
14995,55,64,55,77,44,73,71,71,73
14996,73,69,41,69,50,72,66,56,66
14999,67,73,28,72,26,71,56,39,68
15007,58,65,56,79,59,64,72,68,67
15008,76,71,49,67,65,71,71,75,67
15009,77,73,59,76,66,73,71,64,66
15018,72,71,61,78,55,62,71,58,69
15024,63,67,64,70,38,73,66,62,70
15038,72,64,59,65,48,70,69,66,68
15039,65,68,33,72,39,72,65,63,70
15047,50,37,70,55,72,36,65,61,31
15049,81,73,50,70,59,72,67,66,68
15050,79,66,61,67,58,70,67,60,56
15053,76,72,45,61,32,71,68,48,69
15058,75,68,31,70,27,74,67,52,70
15073,67,70,58,70,61,71,69,71,69
15080,71,66,63,65,64,65,64,62,68
15082,70,70,36,63,57,75,64,55,74
15089,72,72,42,73,21,74,48,45,64
15092,56,50,70,57,67,58,61,44,48
15094,77,68,42,69,32,69,72,66,74
15095,64,73,63,71,68,68,67,51,72
15098,88,72,60,68,74,74,76,73,76
15100,74,73,33,71,34,75,59,62,71
15103,68,68,65,70,60,71,70,65,72
15104,76,74,60,71,41,73,63,60,71
15108,77,70,31,72,25,71,63,50,71
15113,80,71,51,72,33,68,64,61,68
15121,81,68,58,70,28,72,63,62,73
15124,68,69,50,70,72,73,69,71,70
15126,68,72,22,73,25,75,50,45,75
15127,78,73,66,69,58,72,72,66,71
15128,80,74,28,72,40,67,63,73,70
15134,92,74,48,73,53,70,71,71,74
15142,68,73,63,65,60,64,68,64,69
15145,64,76,68,71,59,67,70,72,70
15147,69,69,50,68,32,65,59,61,71
15149,75,59,65,70,56,69,69,62,65
15153,64,66,69,72,72,72,74,71,67
15154,65,72,60,72,40,72,70,73,73
15158,75,68,68,71,74,68,69,69,69
15161,67,70,63,69,39,73,65,48,76
15162,67,73,38,73,24,72,66,61,69
15164,82,65,65,70,59,72,70,59,67
15165,78,73,69,71,65,69,71,68,67
15169,84,70,23,70,19,71,54,40,73
15171,73,68,61,70,65,73,68,62,73
15172,62,67,59,65,48,72,72,67,71
15187,78,75,53,70,40,73,63,60,70
15192,73,72,58,69,52,73,75,66,72
15193,68,72,34,74,27,75,67,69,72
15194,57,63,66,65,70,72,67,59,70
15196,74,71,28,72,24,77,45,41,70
15197,76,72,32,73,34,75,53,40,72
15204,76,64,58,63,49,75,67,62,71
15208,73,67,25,75,38,75,58,55,72
15212,69,62,34,73,53,71,60,58,72
15213,68,74,30,70,26,73,54,52,72
15218,41,67,40,78,48,68,68,53,73
15219,85,73,58,74,66,75,70,65,77
15221,74,73,27,71,25,74,66,54,68
15222,63,72,61,65,53,68,66,61,72
15225,78,72,45,67,60,73,58,62,75
15226,76,68,37,68,32,74,74,75,72
15230,82,74,25,69,29,73,64,56,68
15232,74,67,20,75,26,76,60,45,72
15236,65,55,68,60,56,61,68,56,65
15240,71,74,43,68,55,75,63,60,73
15241,74,74,62,70,67,70,72,71,69
15242,76,67,42,68,37,76,70,68,69
15249,73,72,68,64,40,76,71,67,75
15251,71,74,56,72,28,72,73,67,71
15253,72,68,45,68,31,73,65,46,68
15254,61,81,53,83,33,73,68,64,71
15255,71,65,33,71,40,78,62,59,63
15256,72,62,67,59,66,63,70,65,58
15269,68,68,66,67,62,66,65,57,65
15270,66,69,46,69,65,71,68,50,72
15272,80,74,41,70,27,71,60,60,75
15275,76,73,42,66,40,70,61,54,67
15286,66,72,64,70,62,72,71,66,71
15290,79,72,21,69,50,71,56,53,71
15298,67,66,26,73,23,75,67,47,70
15299,62,73,28,75,20,76,58,67,74
15302,65,72,31,68,25,77,63,62,73
15309,74,70,64,68,70,74,70,66,70
15318,72,69,50,66,45,74,63,53,69
15320,76,68,37,66,45,75,66,56,71
15325,70,70,67,67,78,72,71,64,74
15326,80,69,57,69,49,70,66,64,69
15329,64,75,41,73,31,73,68,67,71
15335,79,69,52,64,38,71,62,66,69
15336,67,76,58,78,64,74,71,66,76
15337,82,71,60,61,27,75,67,66,74
15341,68,70,51,71,68,71,73,65,72
15345,83,67,26,74,28,69,58,66,73
15351,51,62,69,53,67,56,76,74,55
15356,64,68,70,62,59,67,68,59,70
15358,70,69,72,64,61,69,68,64,71
15359,69,73,41,72,58,70,74,63,63
15369,75,70,54,74,72,74,68,69,70
15371,69,69,48,60,56,71,71,60,71
15377,84,71,20,70,46,70,59,44,65
15380,74,51,68,60,64,66,66,63,57
15382,71,75,33,67,36,72,61,53,68
15385,58,70,33,72,30,79,52,62,76
15390,74,74,30,78,26,76,58,62,70
15391,68,68,62,72,65,70,65,59,73
15394,91,72,58,71,56,72,60,54,70
15404,70,65,69,69,77,68,74,72,72
15405,71,67,61,67,29,70,70,61,72
15407,85,72,54,67,50,74,65,61,72
15408,71,70,52,72,34,73,67,64,71
15417,70,70,35,66,35,72,57,64,73
15419,80,68,53,61,67,73,70,73,72
15428,65,67,77,67,78,69,77,75,68
15430,75,68,48,70,58,69,69,65,69
15431,69,75,66,66,74,65,60,65,62
15436,81,72,31,70,31,76,65,44,68
15445,65,68,58,66,60,68,68,65,68
15448,68,69,70,71,44,72,68,63,72
15461,58,67,64,63,49,66,70,56,68
15462,75,77,59,73,71,73,74,72,74
15466,68,74,35,72,22,73,60,55,74
15467,69,72,71,72,64,68,69,68,66
15469,71,73,52,70,37,69,70,64,70
15471,77,74,54,70,57,73,70,63,71
15472,70,72,68,69,40,72,68,64,75
15474,76,74,62,72,56,74,70,61,74
15481,78,68,22,71,26,72,67,63,72
15482,62,69,58,62,55,72,73,71,66
15486,59,71,34,72,40,74,66,63,66
15487,78,68,67,66,45,68,64,59,71
15491,72,68,41,71,34,72,72,68,73
15493,71,72,57,68,36,75,64,56,67
15494,75,66,56,64,49,75,63,60,73
15495,71,72,36,75,30,75,66,65,72
15496,78,68,55,70,59,70,68,68,76
15502,73,70,71,56,49,68,75,67,68
15511,68,71,29,71,32,74,70,65,72
15513,72,77,57,69,54,70,61,58,62
15514,66,69,71,68,70,70,71,65,69
15515,68,72,55,74,44,73,65,61,74
15519,80,72,38,64,66,74,63,67,76
15522,78,68,25,71,20,73,65,53,70
15529,66,73,64,71,55,74,66,61,71
15530,64,73,62,76,51,66,61,42,71
15533,82,64,69,68,73,68,72,64,69
15535,78,68,58,77,48,77,68,62,70
15536,43,61,61,69,69,67,71,67,64
15539,76,75,65,67,44,73,70,65,69
15540,60,74,33,71,28,76,65,64,72
15542,75,72,63,71,72,73,76,69,70
15547,66,66,62,73,52,72,73,70,70
15549,76,69,64,67,64,67,74,69,69
15551,71,73,33,71,47,70,55,42,73
15553,76,67,33,74,24,73,55,55,72
15554,70,69,59,69,59,72,74,69,70
15557,75,70,28,65,22,75,65,63,67
15559,75,70,57,71,38,72,64,62,70
15560,72,67,45,72,34,72,67,68,73
15562,68,69,38,74,35,72,64,60,70
15565,71,65,66,64,72,68,66,61,64
15574,80,75,25,70,50,72,58,41,61
15577,72,72,64,68,62,73,64,62,72
15578,71,68,27,69,23,77,71,71,64
15587,65,72,13,71,12,75,58,45,74
15590,71,71,63,70,58,71,71,67,70
15591,62,74,55,73,57,76,72,55,74
15592,79,72,50,69,34,72,73,60,66
15602,78,74,22,76,54,76,65,60,70
15607,80,67,59,71,59,71,69,59,73
15609,76,68,34,65,31,73,63,60,69
15619,65,69,50,67,53,69,66,53,72
15622,80,79,40,42,37,79,70,70,76
15626,76,72,48,72,30,73,69,60,69
15627,76,66,68,66,22,70,65,56,68
15629,68,78,44,60,26,71,67,63,75
15631,68,69,62,71,65,76,59,55,77
15632,62,73,58,74,68,70,76,76,69
15641,79,62,66,69,64,63,75,75,66
15642,77,69,73,66,67,68,73,62,67
15645,72,62,56,71,64,70,64,59,69
15648,71,75,53,75,41,74,74,73,74
15650,67,74,32,75,44,77,66,65,65
15651,85,72,66,68,68,73,66,55,71
15658,70,69,54,73,35,74,64,47,72
15660,77,72,41,76,36,75,59,63,73
15670,55,73,44,72,52,74,65,64,72
15671,71,70,67,71,59,73,72,68,75
15672,90,73,51,71,46,70,70,71,73
15674,72,71,73,59,72,71,73,70,70
15680,71,71,52,72,65,75,70,67,71
15683,82,72,45,68,37,74,60,57,71
15684,68,69,69,49,80,73,72,67,74
15686,66,75,46,77,35,75,68,66,72
15688,68,71,54,72,52,76,73,66,73
15690,70,71,52,74,65,73,73,63,68
15702,77,71,19,72,35,74,67,65,72
15706,78,71,30,72,29,77,65,51,72
15708,79,76,37,71,45,74,68,68,70
15711,60,67,67,67,70,70,68,70,68
15712,68,64,63,74,66,72,73,70,70
15713,76,68,19,71,31,74,64,55,74
15723,70,66,53,66,39,72,62,63,74
15724,81,67,75,62,65,69,66,44,65
15728,81,74,48,62,58,75,67,60,74
15735,80,70,17,74,37,74,59,61,72
15737,76,72,20,80,21,74,58,58,72
15746,75,71,29,74,29,74,49,51,72
15748,70,72,67,70,70,74,71,60,73
15750,80,72,40,74,21,71,64,65,70
15753,66,72,53,70,63,79,73,69,76
15756,75,79,54,68,35,73,68,57,69
15757,74,74,69,72,46,73,69,64,69
15764,67,68,66,69,66,69,69,65,69
15768,67,73,39,75,28,77,66,60,74
15773,75,74,62,65,70,72,70,70,72
15778,80,67,49,71,67,72,66,68,69
15779,72,74,60,68,56,77,65,65,77
15781,79,66,63,70,62,71,74,71,72
15782,71,78,39,78,53,73,69,69,70
15784,68,72,25,73,22,73,65,56,70
15788,63,75,35,73,21,73,69,70,72
15792,77,68,52,72,35,72,67,67,75
15793,77,70,60,66,57,69,77,76,64
15796,73,71,30,72,35,74,67,69,69
15797,80,76,56,70,41,73,64,66,73
15799,69,65,71,64,60,66,74,64,66
15801,73,71,54,73,65,71,69,71,72
15804,92,73,49,73,43,76,66,70,72
15805,86,68,42,70,65,75,73,74,71
15806,69,73,65,61,49,71,65,67,69
15808,76,70,44,72,48,76,66,68,71
15816,77,69,66,70,35,70,68,61,69
15818,83,70,50,69,41,71,65,65,70
15830,71,73,39,78,64,73,68,67,70
15832,68,68,24,74,21,78,66,57,76
15835,71,72,38,73,52,70,64,69,73
15844,73,69,67,71,63,73,75,70,73
15846,67,70,53,73,44,70,65,54,69
15849,70,66,69,65,51,65,73,66,65
15851,70,71,54,70,53,70,58,53,73
15852,91,68,62,72,62,64,61,59,67
15856,77,71,30,70,33,73,69,65,70
15857,82,71,42,71,40,73,67,68,73
15859,62,73,71,73,68,74,71,73,75
15863,61,71,28,73,27,77,45,48,74
15864,67,66,66,67,64,72,70,65,73
15867,73,68,57,75,69,76,73,65,69
15874,67,70,68,67,69,71,71,66,73
15875,79,73,43,71,49,74,61,58,71
15876,72,76,47,75,62,80,72,73,74
15878,65,69,68,65,70,66,68,65,65
15880,64,70,40,76,31,77,61,62,70
15881,77,73,67,72,72,72,77,75,70
15889,59,72,38,72,45,76,68,58,73
15895,72,67,67,71,57,73,69,69,74
15897,79,66,70,67,72,73,71,72,74
15903,72,76,27,75,31,73,61,56,74
15905,71,71,45,68,37,72,62,60,71
15906,78,74,30,73,26,76,62,58,74
15909,75,71,48,72,27,73,60,55,72
15913,77,69,29,73,48,72,60,65,72
15917,62,70,67,57,55,72,68,63,72
15924,69,74,53,73,49,74,77,75,72
15930,65,73,59,76,60,73,72,75,71
15932,71,75,26,74,38,77,62,61,73
15933,82,70,57,77,50,74,69,52,72
15934,75,80,49,72,39,74,66,47,70
15935,59,72,70,67,66,73,73,66,68
15937,90,70,61,74,74,68,71,67,75
15938,78,74,66,67,61,75,66,68,76
15939,80,70,71,69,59,69,72,60,67
15940,80,70,61,70,60,73,72,63,73
15941,80,65,55,70,76,75,73,67,77
15945,68,75,36,74,30,75,54,46,77
15946,76,70,51,69,43,74,64,64,68
15950,82,75,29,74,40,71,58,57,72
15953,75,73,34,68,58,74,73,65,72
15958,76,75,51,73,62,77,62,59,76
15960,83,72,53,72,24,72,70,61,69
15962,75,69,63,73,59,70,69,68,69
15966,76,72,36,69,41,73,68,64,73
15968,76,73,49,76,65,75,72,62,74
15969,70,69,69,70,59,73,75,72,70
15972,72,71,42,67,42,75,68,52,71
15973,70,68,73,68,56,70,71,55,71
15974,84,73,36,74,68,76,70,46,75
15975,69,72,63,73,32,73,72,54,71
15976,73,64,72,68,67,67,72,70,77
15981,71,69,70,70,61,72,71,67,69
15984,76,73,41,72,61,72,67,69,68
15990,67,71,70,70,63,74,72,67,73
15992,77,75,60,71,56,75,72,60,73
15993,64,53,70,49,67,47,73,63,58
15998,67,69,70,69,67,71,72,67,68
16002,71,74,45,72,56,74,68,60,75
16004,72,66,58,69,57,72,68,65,73
16008,64,72,57,74,34,75,67,51,67
16010,72,73,52,72,58,74,68,62,74
16011,73,64,66,69,46,69,69,60,71
16016,72,67,61,71,65,73,71,68,70
16018,64,73,51,69,48,77,68,66,74
16019,68,71,67,62,69,69,73,73,68
16023,71,72,70,66,62,71,70,70,72
16027,67,71,69,66,44,74,71,62,73
16035,74,76,64,74,59,77,69,69,78
16037,67,73,62,72,64,71,70,67,72
16043,81,70,27,66,32,73,67,54,74
16047,84,68,45,73,46,74,59,54,72
16051,66,70,55,73,48,76,68,66,69
16052,75,71,70,68,67,72,68,60,73
16053,73,77,34,73,32,74,62,65,71
16057,76,76,64,72,30,74,67,60,75
16058,70,75,29,74,39,76,68,68,73
16060,71,69,67,69,22,74,70,62,71
16064,74,74,46,75,49,74,66,57,71
16070,75,68,52,70,53,74,66,64,72
16075,75,74,42,75,30,75,66,56,72
16076,69,77,26,69,32,72,65,70,68
16078,78,81,61,60,37,79,73,56,77
16082,78,73,41,71,52,77,68,71,67
16083,50,55,72,70,58,69,72,65,69
16085,70,63,68,66,68,70,73,67,67
16086,71,68,68,70,66,72,73,68,71
16089,63,71,68,66,67,74,67,63,72
16091,55,69,65,70,53,75,74,70,73
16093,79,72,53,73,64,71,72,78,76
16095,70,77,58,64,68,76,75,70,80
16100,85,70,45,75,60,72,64,66,69
16101,71,74,72,75,69,74,73,74,75
16102,74,74,59,68,53,75,69,63,74
16103,68,71,70,71,32,72,74,67,69
16107,76,73,69,73,66,75,66,63,71
16109,59,68,71,58,62,66,72,68,65
16111,68,71,60,76,51,74,70,73,70
16113,68,72,72,73,71,75,77,76,69
16119,71,71,71,69,77,73,76,72,69
16122,78,74,30,76,22,74,65,56,68
16128,84,71,31,68,46,75,59,55,69
16131,78,71,52,68,42,76,63,64,75
16135,75,72,70,70,53,72,67,60,70
16142,80,71,31,73,21,76,62,50,73
16143,64,68,57,67,41,73,72,68,72
16144,49,66,71,70,60,68,72,64,71
16150,80,76,60,76,54,76,72,67,75
16152,68,75,47,68,42,77,72,59,74
16154,67,73,32,71,29,75,74,75,73
16156,70,79,56,76,24,75,71,72,73
16159,45,66,51,67,61,75,67,67,74
16168,66,71,73,71,41,75,72,71,74
16173,81,73,32,74,36,71,63,65,69
16175,59,73,63,73,57,75,74,65,73
16179,69,75,58,78,61,74,72,68,73
16186,84,71,71,70,57,73,71,60,70
16188,69,65,68,68,62,72,67,64,70
16194,76,70,49,72,31,72,71,66,70
16195,74,74,42,70,39,76,66,60,74
16196,84,73,37,72,32,76,60,49,73
16199,79,73,35,71,38,74,60,57,70
16204,82,72,50,71,53,77,74,69,74
16210,76,72,49,73,63,76,74,64,71
16220,81,73,25,74,18,74,53,47,74
16221,69,69,53,74,34,76,63,61,77
16222,69,85,40,72,26,74,60,59,74
16223,73,75,36,72,59,72,72,69,71
16228,75,74,43,74,57,75,70,73,71
16229,68,73,25,74,21,75,70,66,72
16232,80,73,42,76,59,72,59,56,73
16233,81,74,47,74,69,79,77,68,73
16236,69,71,66,67,61,70,75,67,70
16240,65,72,60,66,68,73,73,68,73
16249,82,72,61,71,47,73,72,60,74
16253,73,72,69,67,58,72,71,70,71
16255,90,83,25,68,24,71,48,43,68
16257,84,74,24,74,31,74,60,64,71
16259,68,76,39,76,34,75,74,72,74
16261,66,78,30,73,32,75,67,52,73
16263,66,73,58,69,41,74,69,68,74
16267,72,74,55,72,52,73,62,64,72
16268,80,79,58,81,54,79,64,59,78
16269,72,71,60,72,59,75,68,64,73
16271,49,66,77,34,66,58,70,58,57
16284,83,72,37,73,35,77,58,46,74
16288,78,74,23,71,43,72,66,68,70
16291,70,74,53,71,41,79,66,59,72
16297,75,70,60,69,68,71,69,68,68
16298,72,73,43,73,51,77,69,58,72
16301,81,72,74,65,70,71,74,70,68
16302,69,75,64,73,64,72,71,63,74
16305,71,70,58,71,52,72,72,69,78
16308,70,76,63,78,53,78,74,70,75
16310,72,81,70,67,65,68,75,64,71
16312,72,70,59,72,51,72,71,74,72
16313,70,69,66,73,51,74,73,67,73
16334,65,75,65,75,68,75,76,77,70
16336,76,76,35,71,55,75,66,60,74
16338,62,77,52,81,43,70,67,68,76
16344,80,73,13,73,23,75,64,67,73
16348,74,70,60,66,60,75,68,62,72
16351,74,74,35,73,25,76,72,70,75
16355,78,77,37,76,43,73,69,65,65
16360,67,69,68,70,53,72,73,72,74
16362,71,69,37,78,51,76,53,71,74
16363,66,74,49,76,39,75,73,70,75
16364,80,72,69,74,61,78,73,69,76
16366,79,75,39,70,20,71,71,70,65
16369,77,72,55,71,30,73,72,71,73
16370,87,70,69,62,69,72,70,68,74
16371,74,76,28,78,36,78,58,62,72
16374,71,72,34,70,39,76,66,64,73
16377,87,72,32,77,41,74,66,70,66
16379,75,70,60,76,61,74,69,66,72
16381,71,76,55,79,63,74,77,79,73
16383,71,73,26,73,54,77,74,74,71
16385,87,75,47,67,36,75,73,73,70
16392,53,71,59,80,52,72,69,66,73
16396,76,69,61,69,43,74,62,52,74
16398,75,77,72,73,75,77,78,76,76
16400,80,69,34,65,35,75,62,63,78
16402,74,73,45,76,62,76,73,69,74
16403,82,75,39,67,26,74,57,67,70
16405,82,69,60,71,54,74,69,67,74
16412,79,70,51,78,52,77,70,69,71
16414,82,73,50,69,47,73,75,69,72
16416,69,73,67,69,75,69,74,74,64
16426,85,66,74,67,63,69,67,66,68
16429,67,75,69,66,70,73,67,72,75
16432,66,57,74,54,76,52,80,78,60
16438,59,72,60,70,32,76,71,55,74
16440,82,70,66,74,69,73,70,63,74
16444,84,71,70,73,69,70,75,73,68
16448,72,73,65,74,68,74,71,74,74
16452,74,75,29,76,41,78,67,71,75
16453,75,70,68,68,40,78,76,54,77
16455,72,72,44,75,31,73,68,61,76
16459,76,75,39,71,38,72,65,63,74
16465,73,72,57,73,39,74,65,65,77
16479,73,69,47,74,31,78,57,48,71
16480,67,74,57,70,38,72,71,55,73
16482,55,64,69,69,42,69,69,72,71
16483,91,69,44,74,54,77,72,68,76
16493,71,72,30,71,29,77,68,52,75
16498,81,76,46,74,39,75,69,56,76
16499,80,76,60,74,49,74,72,78,74
16500,84,68,21,64,53,80,63,67,74
16502,67,72,71,70,68,69,74,67,67
16503,72,73,68,72,75,73,76,76,72
16507,80,79,42,74,22,80,44,39,77
16508,88,67,30,74,30,76,64,38,73
16517,68,76,59,74,76,76,74,77,70
16521,69,75,37,72,33,79,77,62,73
16528,84,71,68,74,37,72,67,68,73
16529,74,74,63,74,59,76,72,67,75
16531,73,74,40,75,35,76,66,70,74
16538,69,76,35,73,35,78,71,59,71
16540,65,58,69,62,69,62,71,67,63
16542,75,75,22,74,38,76,62,54,74
16543,77,73,47,68,25,75,66,56,73
16546,75,73,58,75,58,72,66,74,76
16547,65,70,73,72,70,70,77,72,69
16548,75,72,57,74,62,79,73,67,76
16550,69,77,45,77,34,79,63,58,76
16551,74,76,57,74,67,76,70,67,74
16557,79,75,29,70,59,78,68,74,74
16559,83,75,62,74,43,75,72,64,74
16562,80,77,24,80,25,78,52,48,74
16566,75,76,35,72,45,76,73,68,69
16568,78,75,43,73,59,75,72,55,74
16572,76,69,53,83,73,72,72,58,68
16579,69,78,42,76,34,76,62,55,73
16580,79,74,55,69,55,74,65,69,73
16583,76,77,51,81,22,78,65,53,75
16584,75,74,50,75,71,76,74,71,73
16589,69,73,66,70,59,75,73,68,73
16591,76,76,72,66,65,73,70,67,76
16597,79,72,52,74,26,70,57,51,74
16599,85,64,41,75,85,78,73,74,80
16600,64,74,71,72,62,76,74,69,75
16604,74,74,29,78,49,76,67,70,71
16606,63,72,67,64,73,76,72,72,74
16607,62,70,60,72,35,78,76,45,77
16610,66,73,42,73,41,79,63,52,76
16613,73,75,37,74,23,77,74,70,73
16615,77,73,70,72,72,71,79,65,69
16616,77,75,59,65,78,74,80,77,68
16617,70,76,70,78,57,78,72,68,78
16626,69,74,45,77,38,78,65,60,76
16630,76,75,47,71,26,76,70,73,74
16631,72,74,67,76,66,71,77,72,75
16633,80,72,31,78,38,78,59,57,75
16638,80,75,30,74,17,73,69,66,72
16641,80,74,62,71,55,74,74,63,76
16642,65,75,54,79,30,78,74,64,81
16650,80,74,34,72,56,76,67,67,76
16651,72,76,66,73,65,74,73,74,73
16654,72,75,28,77,28,76,69,68,74
16656,82,73,30,77,60,74,68,65,69
16663,71,74,77,69,78,68,75,73,67
16665,70,73,56,75,49,77,68,63,73
16667,76,69,75,68,61,73,75,73,72
16668,70,72,70,67,46,75,71,64,69
16669,73,75,71,68,55,72,74,66,69
16670,81,75,45,72,25,74,65,60,72
16672,80,74,48,74,50,73,71,66,71
16674,75,74,30,79,34,75,66,67,73
16682,73,74,35,74,28,78,70,68,78
16683,60,67,77,66,57,68,74,63,62
16686,89,82,46,72,62,79,71,64,79
16696,74,71,58,75,68,79,70,58,82
16697,71,78,52,69,38,77,72,53,75
16702,73,73,73,76,49,74,76,69,74
16704,88,70,62,73,49,73,68,65,73
16706,82,72,36,77,54,75,64,61,76
16710,88,66,34,72,58,77,71,57,72
16711,75,75,62,72,43,77,72,67,75
16713,74,73,51,78,26,77,69,68,76
16715,77,66,71,75,68,70,74,70,72
16716,71,74,71,74,74,77,76,71,75
16717,74,75,64,71,67,76,75,69,68
16720,66,76,28,76,23,79,69,59,77
16723,62,70,58,69,42,74,66,58,72
16728,76,76,32,80,60,77,58,58,75
16737,82,75,63,74,66,76,75,72,71
16744,68,79,28,78,26,78,67,62,77
16745,75,73,63,77,35,77,73,57,77
16749,85,75,68,70,73,74,69,69,74
16759,77,82,52,80,44,80,72,70,79
16760,77,79,41,78,21,76,69,68,75
16764,82,71,30,74,65,76,68,52,73
16767,74,76,42,75,56,77,63,62,75
16769,60,72,74,63,77,71,73,70,66
16770,74,72,40,74,20,74,67,64,72
16771,62,73,76,74,72,70,76,74,67
16774,75,76,39,77,55,76,71,66,75
16777,67,75,68,75,44,71,66,51,76
16780,74,73,53,76,62,75,69,72,75
16781,67,75,60,73,56,73,75,72,77
16782,84,74,28,77,34,74,60,62,77
16786,65,76,30,62,39,80,72,66,79
16788,78,73,21,73,45,75,65,65,74
16789,74,69,72,55,67,70,73,66,69
16790,75,76,22,75,18,78,60,64,76
16791,71,68,60,72,46,74,73,65,71
16798,81,74,64,72,70,76,72,73,66
16804,72,73,49,75,60,73,66,60,74
16805,65,78,55,76,55,75,72,69,78
16809,75,73,54,76,29,77,59,47,69
16818,77,74,26,62,68,81,71,66,71
16821,75,76,45,74,44,78,68,66,74
16822,65,67,68,65,71,74,74,70,73
16827,73,74,18,75,30,79,68,74,76
16834,75,74,55,65,46,74,72,61,74
16839,63,73,62,79,46,78,66,52,84
16842,76,76,56,76,14,76,65,60,75
16844,88,71,34,81,44,77,61,62,71
16847,76,68,70,72,51,75,70,53,72
16849,73,76,56,73,68,79,75,75,71
16850,79,79,71,68,76,75,76,74,75
16852,75,75,26,76,35,76,67,60,75
16855,73,79,30,82,24,80,52,54,80
16858,82,68,28,75,31,75,67,60,79
16864,64,73,61,80,53,74,73,71,73
16865,61,76,62,69,46,74,77,66,70
16867,73,75,29,76,41,79,71,63,77
16871,70,75,28,77,38,78,65,66,74
16872,66,86,56,70,70,78,73,71,76
16874,71,81,66,73,39,74,76,69,68
16876,83,71,20,76,15,78,59,54,76
16882,72,77,40,77,27,78,72,61,76
16889,76,74,35,71,27,79,65,47,73
16890,70,62,72,76,61,74,75,72,77
16891,85,81,70,79,57,82,72,64,79
16899,76,73,41,76,60,76,73,70,76
16900,82,71,64,72,66,73,72,66,74
16901,62,71,65,68,39,77,75,62,75
16903,89,70,60,72,67,69,74,63,73
16904,76,73,65,73,68,69,73,67,74
16906,44,40,71,54,67,52,72,49,39
16912,76,76,47,75,29,77,66,52,70
16914,70,65,74,64,66,64,76,58,66
16915,79,76,39,77,35,76,55,47,77
16916,73,75,60,72,62,78,75,69,79
16921,77,79,36,68,40,78,73,43,80
16922,74,75,58,75,65,77,72,69,73
16923,81,76,55,76,48,74,71,69,76
16924,82,78,40,75,29,74,63,59,78
16925,84,76,61,73,44,77,78,64,82
16927,74,79,51,71,73,80,69,81,78
16928,88,77,28,77,49,74,58,62,70
16929,83,76,42,75,53,77,60,59,78
16932,58,66,72,63,75,68,71,75,71
16935,69,68,71,69,55,74,72,55,75
16936,73,74,32,74,27,83,71,69,79
16938,68,80,32,75,31,80,67,65,76
16939,79,77,30,76,18,79,67,60,76
16940,62,77,63,68,45,80,72,64,79
16943,67,77,72,73,34,80,76,59,76
16952,75,71,31,72,24,83,72,58,75
16955,82,73,45,71,34,75,68,76,72
16957,83,79,24,74,15,77,60,53,76
16961,76,68,69,68,40,76,69,65,74
16966,72,70,67,72,63,75,73,73,75
16969,76,76,23,77,40,78,61,63,70
16970,77,74,33,73,25,82,73,62,78
16973,77,78,42,80,59,77,73,75,75
16975,78,80,28,74,29,78,66,60,78
16976,72,76,74,69,79,73,74,61,68
16980,75,74,57,75,66,77,73,77,76
16983,75,78,33,76,55,78,69,66,77
16990,88,70,79,65,80,73,74,74,73
16998,75,73,69,69,65,76,78,71,76
16999,77,79,45,80,26,79,40,36,77
17000,82,75,50,75,29,73,72,62,71
17001,66,70,69,73,68,73,76,72,72
17007,82,75,47,75,54,77,61,60,79
17010,75,69,75,72,69,75,72,74,76
17012,81,80,50,74,41,75,66,67,74
17014,70,69,48,77,30,79,77,55,80
17020,74,77,64,77,56,80,75,66,77
17022,79,77,21,80,38,79,58,58,78
17024,72,82,26,75,41,81,65,60,79
17026,73,75,61,62,56,77,76,58,79
17028,89,71,39,72,48,79,58,56,79
17029,71,77,49,75,49,78,77,68,76
17031,70,79,34,77,33,75,66,56,72
17046,81,71,55,77,51,76,77,74,77
17049,68,73,72,75,70,77,73,70,76
17057,77,71,66,72,56,74,76,69,75
17060,74,75,35,72,24,80,72,57,80
17061,76,74,32,76,30,80,71,63,76
17064,77,75,65,78,58,79,69,64,77
17067,80,73,73,69,71,71,73,67,72
17075,74,68,72,72,60,74,72,68,74
17084,68,79,37,76,35,79,66,69,75
17086,72,73,71,74,64,73,78,74,74
17093,74,68,25,79,24,81,64,57,78
17099,75,77,50,75,42,78,74,70,77
17101,69,75,74,71,61,73,77,68,72
17102,60,59,74,61,72,60,75,62,50
17103,80,73,66,73,59,69,78,64,73
17106,79,75,68,74,66,75,75,68,74
17108,79,77,37,84,41,80,60,60,76
17109,78,76,68,76,66,79,77,76,79
17114,69,75,56,77,69,78,77,76,75
17118,83,76,49,75,56,77,70,62,74
17119,84,73,50,81,32,76,68,75,71
17120,78,77,34,81,37,78,72,63,74
17124,86,68,66,65,70,75,74,70,79
17125,82,76,26,83,41,77,66,69,72
17126,77,73,74,68,66,74,76,74,72
17128,55,75,68,74,43,77,78,73,75
17135,79,79,61,64,79,78,78,78,68
17138,72,71,62,69,46,72,76,74,74
17141,75,72,73,71,62,75,74,69,74
17142,80,78,24,74,31,76,71,66,75
17143,68,73,65,73,59,76,73,74,77
17145,85,75,46,76,30,78,70,62,74
17149,74,71,72,69,44,76,72,65,74
17151,69,78,70,70,59,75,76,61,80
17157,78,83,25,80,48,82,60,66,79
17160,80,71,37,76,58,78,61,66,76
17163,81,75,35,68,24,84,72,66,75
17165,69,75,67,75,66,78,74,73,77
17171,82,77,30,75,44,75,67,61,76
17175,74,77,61,66,66,74,74,66,72
17176,89,76,44,78,30,79,70,57,76
17181,73,64,74,67,67,54,73,61,51
17182,80,75,76,68,67,77,78,75,81
17188,79,81,28,74,44,81,54,58,80
17190,72,77,73,77,76,75,76,74,74
17191,87,75,69,72,59,75,77,65,80
17193,81,76,68,73,75,76,77,72,71
17198,75,72,67,74,66,76,72,68,75
17205,72,81,32,78,31,78,76,73,80
17211,66,75,74,73,68,74,69,64,77
17212,74,80,63,74,53,79,67,62,77
17213,68,74,70,77,68,76,74,70,76
17214,87,78,33,75,45,78,63,59,75
17215,81,78,54,75,60,78,74,63,80
17223,75,83,32,80,35,80,72,67,78
17225,65,76,65,76,31,77,74,57,75
17226,81,78,32,75,37,81,67,40,75
17227,76,75,55,76,67,74,70,68,71
17228,81,79,40,79,43,80,57,51,75
17230,80,79,58,70,68,79,78,76,72
17238,76,79,66,78,54,76,74,69,77
17240,72,82,66,74,75,77,76,74,75
17244,85,78,23,79,25,81,54,54,79
17246,69,78,63,72,68,73,73,69,77
17250,78,78,16,78,44,80,61,59,80
17255,86,78,70,76,58,79,75,70,82
17259,77,77,38,78,56,80,72,73,77
17260,83,68,71,74,60,79,75,73,79
17270,80,75,59,72,70,77,76,72,80
17271,83,78,65,66,67,82,79,77,80
17275,84,77,57,72,72,78,72,75,77
17276,82,79,66,74,68,75,77,70,76
17277,88,77,35,77,35,79,58,56,76
17278,72,80,33,76,46,81,68,67,80
17280,64,72,67,76,55,78,78,69,77
17282,72,76,73,72,66,78,78,74,74
17285,94,67,57,74,77,77,77,67,75
17288,76,77,64,72,32,80,70,73,78
17290,81,78,36,61,22,81,73,68,80
17295,73,51,76,56,77,58,75,72,56
17300,72,72,71,66,54,75,73,57,76
17304,83,80,55,81,62,79,74,79,77
17308,82,74,59,79,59,74,76,68,72
17314,72,74,32,74,52,79,72,70,77
17320,80,78,38,81,29,80,70,60,79
17321,73,77,63,75,54,81,76,70,80
17322,79,75,31,77,63,81,73,75,77
17323,85,76,57,79,50,77,74,75,78
17324,87,77,22,77,57,79,68,68,75
17326,78,80,50,80,59,78,67,65,77
17328,86,76,60,70,54,77,82,76,73
17329,89,71,62,75,72,80,76,69,77
17333,78,82,40,77,62,82,66,68,80
17336,70,81,52,80,47,81,80,77,78
17337,85,80,66,76,62,78,79,65,79
17345,75,76,49,77,52,80,72,65,79
17346,83,76,23,80,27,77,65,57,76
17350,79,77,76,73,51,73,75,75,73
17354,71,74,79,69,62,77,82,70,76
17359,76,79,36,83,72,82,68,70,78
17360,74,76,64,79,51,78,74,68,78
17370,79,74,74,77,58,77,70,64,80
17371,66,57,74,59,69,59,69,59,57
17374,73,74,61,80,67,79,76,62,74
17376,63,72,78,61,66,78,77,66,79
17383,68,69,75,66,64,76,78,67,75
17386,74,79,52,78,55,79,76,67,76
17389,75,79,31,80,41,80,70,65,77
17392,81,80,49,72,27,80,72,54,81
17395,77,77,36,77,36,80,73,68,81
17396,80,75,48,77,50,80,73,52,75
17397,69,79,53,76,31,81,73,55,76
17399,72,76,64,73,45,79,71,68,79
17408,70,81,51,78,26,80,72,57,77
17416,80,81,39,78,43,77,72,66,79
17417,78,77,42,78,48,78,75,68,77
17418,68,74,74,74,38,76,73,69,80
17420,73,75,69,75,68,77,76,59,76
17422,73,72,76,78,74,75,76,59,77
17428,67,71,71,74,62,73,77,68,75
17435,80,81,68,77,66,78,79,69,76
17436,76,84,30,78,41,83,66,68,80
17438,84,79,40,78,29,81,65,58,79
17440,67,75,72,76,77,74,80,80,71
17448,78,79,75,77,66,82,78,70,80
17449,83,78,39,74,30,81,70,74,71
17451,74,79,62,85,53,79,82,75,80
17453,87,81,36,74,38,82,77,69,78
17454,84,78,71,76,75,80,82,76,78
17455,81,80,63,77,58,80,71,65,78
17460,76,72,74,71,68,72,76,75,81
17463,82,78,78,80,78,78,81,79,80
17468,58,82,72,80,73,76,81,81,74
17472,76,79,41,81,22,84,57,49,79
17475,85,79,79,73,62,77,77,70,77
17477,74,76,75,70,80,74,78,70,68
17478,78,81,60,83,62,80,77,79,75
17480,75,81,75,78,74,77,77,69,78
17487,76,75,75,72,68,76,79,73,77
17489,78,80,59,77,64,82,79,64,76
17492,92,77,57,76,63,79,72,73,80
17493,78,84,61,80,77,82,68,80,76
17497,79,79,43,79,38,80,72,72,79
17498,84,83,46,77,47,83,67,80,77
17504,75,77,40,79,29,82,73,72,76
17505,79,75,70,74,50,78,74,73,77
17507,83,78,53,78,49,78,63,60,79
17508,73,77,59,71,73,76,76,72,76
17509,79,77,34,76,29,83,66,56,77
17511,85,74,41,78,31,81,75,68,85
17513,82,79,48,78,56,83,77,74,78
17516,68,80,29,79,46,81,71,69,80
17519,93,73,69,70,58,77,76,62,76
17523,75,76,71,76,72,78,74,68,79
17525,82,75,52,79,57,80,73,59,75
17535,76,77,58,75,24,80,77,78,78
17539,85,77,53,75,40,81,75,66,85
17541,72,82,54,82,48,79,78,79,81
17546,77,75,80,69,64,75,77,76,76
17548,62,77,57,79,56,78,73,75,76
17549,88,77,24,81,51,78,68,72,81
17554,73,76,66,76,63,78,76,76,76
17560,94,76,39,79,22,80,69,58,75
17561,83,76,59,78,42,82,67,68,78
17564,75,85,55,86,74,86,71,67,85
17565,82,79,33,77,35,82,68,67,78
17568,79,77,68,84,59,82,80,81,83
17571,81,80,30,82,42,81,76,67,78
17579,77,81,66,80,61,83,77,61,81
17580,75,80,70,72,84,81,77,76,82
17582,77,81,44,75,51,83,70,68,75
17584,78,78,24,79,58,80,66,68,76
17586,70,78,35,82,29,83,74,69,83
17587,76,84,50,84,53,84,69,67,80
17590,85,86,66,78,54,81,80,74,74
17591,76,80,54,80,46,82,72,70,78
17596,82,80,48,80,35,82,63,63,80
17599,72,83,66,78,64,81,83,83,77
17600,88,79,44,82,67,82,67,75,76
17602,75,80,68,80,72,78,78,78,78
17603,82,80,47,78,50,82,64,56,78
17605,81,81,66,82,67,82,78,75,79
17608,78,72,72,72,41,79,77,69,76
17609,72,78,67,75,43,78,76,59,80
17612,84,81,48,78,74,80,71,81,83
17617,76,79,71,78,52,83,79,70,80
17618,78,77,74,78,50,80,78,68,78
17626,73,79,53,81,56,82,77,73,80
17630,79,80,63,77,43,81,77,70,80
17632,78,77,67,80,44,78,75,67,79
17634,73,74,74,72,59,78,81,75,80
17637,73,82,32,80,20,85,77,71,82
17647,76,82,34,85,20,84,63,58,80
17648,88,81,46,78,54,82,68,62,76
17650,64,84,56,78,52,79,85,83,76
17651,88,76,75,78,84,80,78,76,75
17653,82,79,72,74,70,80,84,81,79
17655,63,69,81,62,70,61,76,73,62
17661,87,81,68,77,67,83,76,66,84
17663,83,83,73,81,69,83,76,69,79
17665,82,82,49,83,62,86,74,69,88
17666,75,79,31,83,41,82,73,69,78
17682,81,82,55,82,57,80,79,83,78
17684,60,57,80,58,67,53,76,68,44
17685,87,81,21,77,34,83,69,66,85
17691,75,81,69,77,71,80,81,71,82
17692,72,74,73,74,40,76,78,70,77
17695,74,76,69,79,69,81,79,74,80
17702,80,81,53,80,57,82,79,78,80
17705,87,81,47,79,48,81,70,56,83
17710,77,80,72,75,60,78,73,65,79
17711,75,79,33,82,45,84,78,76,80
17720,78,79,74,72,78,79,81,79,81
17729,86,84,41,80,47,83,76,69,83
17731,83,82,30,85,37,84,68,53,78
17732,77,83,42,82,64,83,69,72,81
17738,84,85,32,85,26,85,64,62,78
17742,86,82,24,80,20,83,63,59,80
17743,84,82,50,80,52,82,77,69,82
17750,83,80,49,84,30,85,70,70,85
17751,80,86,61,78,64,83,79,79,80
17761,82,82,51,83,50,83,74,69,83
17763,84,83,48,77,55,90,73,71,78
17764,73,76,80,77,78,82,82,74,80
17766,84,78,61,81,45,84,77,72,81
17767,79,79,82,76,82,79,77,75,78
17769,88,80,39,82,44,85,75,72,82
17777,81,78,62,78,77,83,83,77,80
17778,68,80,75,75,74,78,79,78,79
17780,72,86,28,87,39,86,65,59,82
17792,88,76,49,85,48,85,60,51,85
17796,79,86,69,88,71,86,79,74,82
17797,90,87,51,85,62,86,77,74,86
17800,85,85,54,79,73,83,77,82,82
17802,86,82,78,82,86,83,78,77,81
17807,75,78,79,79,77,82,84,73,79
17816,68,81,69,75,66,82,85,78,82
17817,73,85,20,87,60,87,73,77,85
17819,78,81,37,75,28,86,80,61,85
17820,85,84,69,83,65,84,82,79,75
17825,79,81,48,85,38,85,81,74,82
17826,83,84,29,86,31,83,72,69,83
17828,80,81,66,81,60,83,76,68,78
17831,86,82,60,78,51,83,80,63,86
17833,88,83,39,80,39,83,79,75,83
17835,88,84,38,85,41,87,74,61,82
17840,83,79,44,84,64,84,75,72,78
17844,81,86,30,89,53,87,74,72,85
17847,83,85,43,87,41,87,70,69,85
17857,78,81,67,78,69,84,78,75,83
17862,91,83,51,83,56,84,75,72,84
17865,69,82,76,80,82,81,82,79,79
17867,78,87,32,88,60,87,71,71,83
17872,92,85,40,86,56,85,70,61,82
17873,87,82,41,86,55,85,73,66,84
17874,81,84,71,78,60,84,80,77,86
17884,81,81,47,84,58,87,75,83,87
17889,86,86,25,87,12,87,60,61,89
17895,84,83,72,83,36,83,83,74,85
17896,80,85,54,85,35,87,81,78,87
17899,76,86,54,87,47,88,77,78,88
17903,82,90,38,90,65,86,77,85,80
17904,82,89,62,88,60,90,81,80,86
17907,82,82,70,81,72,84,81,71,84
17910,77,82,44,87,53,88,75,76,87
17914,79,80,80,75,69,81,87,83,79
17918,81,87,58,90,74,89,81,73,86
17921,76,88,64,91,51,87,82,80,85
17923,76,89,59,88,68,89,80,80,85
17926,69,92,56,88,51,90,81,85,88
17931,92,88,28,94,49,93,59,59,90
17932,90,88,67,87,62,89,80,83,90
17934,89,88,48,90,43,89,79,70,89
